id,user_id,session_id,archetype_id,archetype_name_th,archetype_name_en,score_o,score_c,score_e,score_a,score_n,quadrant_primary,quadrant_secondary,confidence_o,confidence_e,via_dominant,via_scores,jungian_type,jungian_scores,pdcr_fire,pdcr_wind,pdcr_water,pdcr_earth,pdcr_dominant,indian_dosha,compat_top3,compat_hardest,bright_flag,bright_type,confidence_score,confidence_level,confidence_details,created_at,energy_id,energy_name,energy_keywords
048dd94e-0671-48a1-a60f-c0cedc88f6f4,DEM-DZHBIAFAZGGGANONA,9300d5f1-d6cb-4124-bca7-ac81fffe157a,Y_J-Q4-TJ,ผู้รักษามาตรฐาน,The Standard Keeper,2.9,3.1,2.6,3.5,3,Q4,Q2,0.33,1,J,"{""C"": 10.5, ""H"": 10.5, ""J"": 12.5, ""T"": 11, ""W"": 3.5, ""Tr"": 9}",TJ,"{""F"": 1, ""J"": 1.4, ""P"": 0.8, ""T"": 1.8}",3,7,1,1,W,Pitta (ปิตตะ - ไฟ),"[{""id"": ""Y_W-Q4-TJ"", ""score"": 0.51, ""name_en"": ""The Knowledge Architect"", ""name_th"": ""สถาปนิกแห่งความรู้"", ""image_url"": ""https://drive.google.com/thumbnail?id=1p9ZlBQa-dbGWVCtETt89lXzSBp4wz1Ik&sz=w800""}, {""id"": ""Y_C-Q4-TJ"", ""score"": 0.51, ""name_en"": ""The Steadfast Pillar"", ""name_th"": ""เสาหลักแห่งความมั่นคง"", ""image_url"": ""https://drive.google.com/thumbnail?id=1KLhNXnMLVqoTPV6xed2Ai7-lXvOl8pEd&sz=w800""}, {""id"": ""Y_H-Q4-TJ"", ""score"": 0.51, ""name_en"": ""The Master Caretaker"", ""name_th"": ""นักดูแลผู้เชี่ยวชาญ"", ""image_url"": ""https://drive.google.com/thumbnail?id=1On4EUZ_mYGwXVNNfHEOxl1N1Zv5FW1II&sz=w800""}]","{""id"": ""Y_Tr-Q1-FP"", ""score"": 0.15, ""name_en"": ""The Cosmic Dreamer"", ""name_th"": ""นักฝันแห่งจักรวาล"", ""image_url"": ""https://drive.google.com/thumbnail?id=1UN4B902RcYUfe41bHW2V3EfsgZymHHA-&sz=w800""}",,,90,สูง,"{""sd"": 1, ""inf"": 0, ""con_checks"": 0}",2026-04-24 07:41:49.366345+00,83,📣 ผู้ทรงอิทธิพลทางความคิด (The Influencer),"สื่อสาร, สร้างสรรค์, อำนาจ, ธุรกิจ, ไม่จริงจัง, พูดมาก"
11f553fc-16e9-4a0c-8480-c9aa9a32c419,DEM-DZBZZIEBCFGGANONA,18ba44fe-93b5-4775-a8f9-1e480ebe20d9,Y_T-Q4-FJ,ผู้รักษาสันติ,The Group Peace Keeper,2.8,3.4,2.4,2.8,2.7,Q4,Q2,0.67,1,T,"{""C"": 4.5, ""H"": 8.5, ""J"": 7, ""T"": 20, ""W"": 3, ""Tr"": 6.5}",FJ,"{""F"": 1.2, ""J"": 1.2, ""P"": 0.9, ""T"": 0.4}",0,5,4,3,W,Pitta (ปิตตะ - ไฟ),"[{""id"": ""Y_W-Q4-FJ"", ""score"": 0.51, ""name_en"": ""The Library Guardian"", ""name_th"": ""ผู้พิทักษ์ห้องสมุด"", ""image_url"": ""https://drive.google.com/thumbnail?id=1Wh7e2FGgF4A-Xe6v-eMcc2cSjtGplNP0&sz=w800""}, {""id"": ""Y_C-Q4-FJ"", ""score"": 0.51, ""name_en"": ""The Gate Keeper"", ""name_th"": ""ผู้พิทักษ์ประตู"", ""image_url"": ""https://drive.google.com/thumbnail?id=1Q6jTMBjLsAXr-aYnIQgl_UeUHtDPSCvc&sz=w800""}, {""id"": ""Y_H-Q4-FJ"", ""score"": 0.51, ""name_en"": ""The Community Anchor"", ""name_th"": ""ศูนย์กลางชุมชน"", ""image_url"": ""https://drive.google.com/thumbnail?id=1GPCjIKNzK4SAz3QBGKvjK1zm7p0LrtC0&sz=w800""}]","{""id"": ""Y_T-Q1-TP"", ""score"": 0.15, ""name_en"": ""The Balance Mediator"", ""name_th"": ""ผู้ประสานสมดุล"", ""image_url"": ""https://drive.google.com/thumbnail?id=1jOK0vZsaFGILXMcmOR4rLaI69266wTTr&sz=w800""}",,,100,สูง,"{""sd"": 0, ""inf"": 0, ""con_checks"": 0}",2026-04-16 08:10:48.613225+00,,,
2cb45177-8264-4870-af99-9c1db6bb39f5,DEM-IGIADBEHCFGGANONA,b663e86e-ce95-4e43-80e4-5528ffa8bf9f,Y_C-Q2-FP,นักสู้หัวใจแกร่ง,The Heartstrong Fighter,3.4,3.9,2.8,3.1,2.1,Q2,Q1,1,0.67,C,"{""C"": 11.5, ""H"": 9.5, ""J"": 6.5, ""T"": 10, ""W"": 10, ""Tr"": 3.5}",FP,"{""F"": 1.3, ""J"": 0.7, ""P"": 1.4, ""T"": 1.3}",3,4,0,5,E,Vata (วาตะ - ลม),"[{""id"": ""Y_W-Q2-FP"", ""score"": 0.48, ""name_en"": ""The Awakened Dreamer"", ""name_th"": ""นักฝันผู้ตื่นรู้"", ""image_url"": ""https://drive.google.com/thumbnail?id=1IsqN4JRxiELXawLcUttl8CM7l-0r5en3&sz=w800""}, {""id"": ""Y_H-Q2-FP"", ""score"": 0.48, ""name_en"": ""The Spirit Feeler"", ""name_th"": ""ผู้สัมผัสแห่งจิตวิญญาณ"", ""image_url"": ""https://drive.google.com/thumbnail?id=1XO1VQS2aGCnHXlT4-xEHS2p8CsmIFqPU&sz=w800""}, {""id"": ""Y_J-Q2-FP"", ""score"": 0.48, ""name_en"": ""The Equity Storyteller"", ""name_th"": ""นักเล่าเรื่องความเท่าเทียม"", ""image_url"": ""https://drive.google.com/thumbnail?id=13cgYLiTFqaYI0sqcfwofP67tqxU754BW&sz=w800""}]","{""id"": ""Y_Tr-Q4-TJ"", ""score"": 0.15, ""name_en"": ""The Sacred Tradition Keeper"", ""name_th"": ""ผู้รักษาประเพณีศักดิ์สิทธิ์"", ""image_url"": ""https://drive.google.com/thumbnail?id=1pvCRT4jcOcX_8XlAYVk4XI-fpAymSjPE&sz=w800""}",,,100,สูง,"{""sd"": 0, ""inf"": 0, ""con_checks"": 0}",2026-04-17 00:33:21.95051+00,,,
2d2a81d7-2499-4446-9992-3a25f30fc75e,DEM-AZGIBZAFBFGGANONA,ea0a469b-5058-4178-8ef0-cea3173bc7f4,Y_H-Q2-TP,ผู้รับฟังแห่งจิตวิญญาณ,The Soul Listener,3.6,3.5,2.6,3.3,2.3,Q2,,1,1,H,"{""C"": 6, ""H"": 12, ""J"": 8, ""T"": 10.5, ""W"": 11, ""Tr"": 9}",TP,"{""F"": 0, ""J"": 0.5, ""P"": 1.7000000000000002, ""T"": 0.8}",0,5,4,3,W,Vata (วาตะ - ลม),"[{""id"": ""Y_W-Q2-TP"", ""score"": 0.46, ""name_en"": ""The Idea Experimenter"", ""name_th"": ""นักทดลองไอเดีย"", ""image_url"": ""https://drive.google.com/thumbnail?id=1mlXpt7r24Axh_0bUbuSPRL6rl06W1sy-&sz=w800""}, {""id"": ""Y_C-Q2-TP"", ""score"": 0.46, ""name_en"": ""The Limit Tester"", ""name_th"": ""นักทดสอบขีดจำกัด"", ""image_url"": ""https://drive.google.com/thumbnail?id=1j-rZwH1yZphDy3DNToFHKHzB45_zJUKk&sz=w800""}, {""id"": ""Y_J-Q2-TP"", ""score"": 0.46, ""name_en"": ""The System Questioner"", ""name_th"": ""ผู้ตั้งคำถามต่อระบบ"", ""image_url"": ""https://drive.google.com/thumbnail?id=140OH6LfslALCRZKHjvClc-nfoWsPHLOj&sz=w800""}]","{""id"": ""Y_Tr-Q3-FJ"", ""score"": 0.15, ""name_en"": ""The Beauty Unifier"", ""name_th"": ""ผู้รวมใจด้วยศาสตร์แห่งศิลป์"", ""image_url"": ""https://drive.google.com/thumbnail?id=1jwTW9nt2AqsWHptwjCRhlm0GGTOZhY3T&sz=w800""}",,,100,สูง,"{""sd"": 0, ""inf"": 0, ""con_checks"": 0}",2026-04-15 13:58:57.908619+00,,,
2fdc207c-382a-424c-b1a9-90de5d4d702d,DEM-AIBZAZIAEFGGANONA,f2869b46-77aa-4afc-b66d-df89d4648005,Y_H-Q1-FJ,ผู้เยียวยาจิตวิญญาน,The Soul Nurse,3.8,3,3.4,3.6,3.2,Q1,,1,1,H,"{""C"": 10.5, ""H"": 17, ""J"": 7, ""T"": 3, ""W"": 0, ""Tr"": 12}",FJ,"{""F"": 2.6, ""J"": 1.9, ""P"": 0.3, ""T"": 0}",1,3,5,3,A,Vata (วาตะ - ลม),"[{""id"": ""Y_W-Q1-FJ"", ""score"": 0.5, ""name_en"": ""The Vision Queen"", ""name_th"": ""ราชินีแห่งวิสัยทัศน์"", ""image_url"": ""https://drive.google.com/thumbnail?id=1AlVUcPVMQ8sQ5_PtINsXLsbgdc_9BO7r&sz=w800""}, {""id"": ""Y_C-Q1-FJ"", ""score"": 0.5, ""name_en"": ""The Brave Protector"", ""name_th"": ""ผู้พิทักษ์ผู้กล้าหาญหาญ"", ""image_url"": ""https://drive.google.com/thumbnail?id=1Lc5C2b2-JnPrAjx4z4-C86VkEteuex6o&sz=w800""}, {""id"": ""Y_J-Q1-FJ"", ""score"": 0.5, ""name_en"": ""The Rights Guardian"", ""name_th"": ""ผู้พิทักษ์สิทธิ์"", ""image_url"": ""https://drive.google.com/thumbnail?id=1qp9TwE1LM5O2yzvGJ0G4Rvneg36nHUyN&sz=w800""}]","{""id"": ""Y_Tr-Q4-TP"", ""score"": 0.15, ""name_en"": ""The Star Archivist"", ""name_th"": ""ผู้ศึกษาดวงดาว"", ""image_url"": ""https://drive.google.com/thumbnail?id=1sgguUVGJP1xioBVF_vytvmxiaFcKKbIB&sz=w800""}",,,100,สูง,"{""sd"": 0, ""inf"": 0, ""con_checks"": 0}",2026-04-18 13:40:20.990989+00,3,😠 อัจฉริยะหัวร้อน (The Hot-headed Genius),"อัจฉริยะ, ความฉลาด, ใจร้อน, อารมณ์รุนแรง, ความขัดแย้ง, การตัดสินใจ"
30c46a3f-8218-446a-9735-21fe3c65fa41,DEM-GHBADFCBCFGGANONA,789bd601-93aa-40ac-b62c-48a92926698f,Y_T-Q4-TP,ผู้ฝึกตนผู้เคร่งครัด,The Disciplined Experimenter,2.8,3.6,2.1,2.9,2.9,Q4,Q2,0.67,1,T,"{""C"": 3, ""H"": 11.5, ""J"": 5.5, ""T"": 14, ""W"": 6.5, ""Tr"": 7.5}",TP,"{""F"": 0.9, ""J"": 0, ""P"": 1.8, ""T"": 0.9}",3,2,2,5,E,Pitta (ปิตตะ - ไฟ),"[{""id"": ""Y_W-Q4-TP"", ""score"": 0.47, ""name_en"": ""The Knowledge Tester"", ""name_th"": ""นักทดลองผู้ทรงภูมิ"", ""image_url"": ""https://drive.google.com/thumbnail?id=15AYwHPseoJ3tEQeJvrlffn5u56hfEhQj&sz=w800""}, {""id"": ""Y_C-Q4-TP"", ""score"": 0.47, ""name_en"": ""The Wall Scout"", ""name_th"": ""นักสำรวจกำแพง"", ""image_url"": ""https://drive.google.com/thumbnail?id=1FMSet8Jxsh02c7E2SfGzWXNT3S13OctP&sz=w800""}, {""id"": ""Y_H-Q4-TP"", ""score"": 0.47, ""name_en"": ""The Empathic Helper"", ""name_th"": ""ผู้ช่วยเหลือผู้มีความเข้าใจ"", ""image_url"": ""https://drive.google.com/thumbnail?id=1WU5jv5ntUvxzzSnw985rpOFS3GnYG0EF&sz=w800""}]","{""id"": ""Y_Tr-Q1-FJ"", ""score"": 0.15, ""name_en"": ""The Spirit Leader"", ""name_th"": ""ผู้นำทางจิตวิญญาณ"", ""image_url"": ""https://drive.google.com/thumbnail?id=1gv2jSkmQoWCudp8Bhi-kUOpMknsu8m2E&sz=w800""}",,,100,สูง,"{""sd"": 0, ""inf"": 0, ""con_checks"": 0}",2026-04-16 07:29:49.341592+00,,,
3232b74a-84ac-4022-8ecd-f7199e0382e2,DEM-ZAZEEECBCFGGANONA,2eb6e9dc-31fb-402d-abf0-55eb93130dcb,Y_T-Q1-TJ,กรรมการสนาม,The Arena Referee,3.1,3.3,3.3,3,3.2,Q1,Q3,0.33,1,T,"{""C"": 10.5, ""H"": 8.5, ""J"": 7, ""T"": 13.5, ""W"": 7.5, ""Tr"": 3.5}",TJ,"{""F"": 0.4, ""J"": 1.2, ""P"": 0.9, ""T"": 1.3}",4,2,3,3,F,Pitta (ปิตตะ - ไฟ),"[{""id"": ""Y_W-Q1-TJ"", ""score"": 0.46, ""name_en"": ""The Sage Navigator"", ""name_th"": ""ผู้นำทางแห่งปัญญา"", ""image_url"": ""https://drive.google.com/thumbnail?id=1cUnC5lziiHFs-HqVpzaVgMWKkB75G6Bd&sz=w800""}, {""id"": ""Y_C-Q1-TJ"", ""score"": 0.46, ""name_en"": ""The Disciplined Warrior"", ""name_th"": ""นักรบผู้มีวินัย"", ""image_url"": ""https://drive.google.com/thumbnail?id=1AmCz6RG3SNTA7S0UcitpENO8M3XiH5sv&sz=w800""}, {""id"": ""Y_H-Q1-TJ"", ""score"": 0.46, ""name_en"": ""The Mercy Commander"", ""name_th"": ""ผู้บัญชาการแห่งความเมตตา"", ""image_url"": ""https://drive.google.com/thumbnail?id=1nP9JJIQIHmdCA9_WKaZfEj-g7z5jTj1Q&sz=w800""}]","{""id"": ""Y_Tr-Q4-FP"", ""score"": 0.15, ""name_en"": ""The Silent Receiver"", ""name_th"": ""ผู้รับสารแห่งความเงียบ"", ""image_url"": ""https://drive.google.com/thumbnail?id=11E3Jvi4dI_l7s936-RhfoXS62sjNEu-i&sz=w800""}",,,100,สูง,"{""sd"": 0, ""inf"": 0, ""con_checks"": 0}",2026-04-16 07:38:45.55726+00,,,
38f88ffb-9578-46ab-82a3-bd2a6683ff1e,DEM-IZFZECIACFGGANONA,9f5b7e3e-2910-4383-b1bb-40a078c20323,Y_T-Q2-FP,นักเดินทางผู้มีสติ,The Mindful Walker,3.2,3.5,2.4,3.8,2.3,Q2,Q4,0.67,1,T,"{""C"": 7.5, ""H"": 3.5, ""J"": 0, ""T"": 14.5, ""W"": 11.5, ""Tr"": 7.5}",FP,"{""F"": 1.8, ""J"": 0.4, ""P"": 1.9, ""T"": 1}",3,1,1,7,E,Kapha (กผะ - ดิน/น้ำ),"[{""id"": ""Y_W-Q2-FP"", ""score"": 0.46, ""name_en"": ""The Awakened Dreamer"", ""name_th"": ""นักฝันผู้ตื่นรู้"", ""image_url"": ""https://drive.google.com/thumbnail?id=1IsqN4JRxiELXawLcUttl8CM7l-0r5en3&sz=w800""}, {""id"": ""Y_C-Q2-FP"", ""score"": 0.46, ""name_en"": ""The Heartstrong Fighter"", ""name_th"": ""นักสู้หัวใจแกร่ง"", ""image_url"": ""https://drive.google.com/thumbnail?id=1Y2uBeQNrbd4mZP4VNQV7Nd-Yu2ectFPJ&sz=w800""}, {""id"": ""Y_H-Q2-FP"", ""score"": 0.46, ""name_en"": ""The Spirit Feeler"", ""name_th"": ""ผู้สัมผัสแห่งจิตวิญญาณ"", ""image_url"": ""https://drive.google.com/thumbnail?id=1XO1VQS2aGCnHXlT4-xEHS2p8CsmIFqPU&sz=w800""}]","{""id"": ""Y_Tr-Q3-TJ"", ""score"": 0.15, ""name_en"": ""The Spirit Connector"", ""name_th"": ""ผู้เชื่อมจิตวิญญาณ"", ""image_url"": ""https://drive.google.com/thumbnail?id=1yfhlddWLEnGYWmpDCLSdgXr_yxRIK4fV&sz=w800""}",,,90,สูง,"{""sd"": 1, ""inf"": 0, ""con_checks"": 0}",2026-04-16 06:18:46.662506+00,,,
3c9197d1-18bf-400f-a107-c98565d56f6e,DEM-CACDDIIACFGGANONA,f9ef42d6-7135-4aae-8c35-137cbd81b037,Y_W-Q2-TP,นักทดลองไอเดีย,The Idea Experimenter,3.3,3.2,2.9,3.3,2.9,Q2,Q1,1,0.33,W,"{""C"": 6, ""H"": 6, ""J"": 6.5, ""T"": 11, ""W"": 11, ""Tr"": 9.5}",TP,"{""F"": 0.5, ""J"": 0.8, ""P"": 1.1, ""T"": 2.2}",2,6,2,2,W,Vata (วาตะ - ลม),"[{""id"": ""Y_C-Q2-TP"", ""score"": 0.44, ""name_en"": ""The Limit Tester"", ""name_th"": ""นักทดสอบขีดจำกัด"", ""image_url"": ""https://drive.google.com/thumbnail?id=1j-rZwH1yZphDy3DNToFHKHzB45_zJUKk&sz=w800""}, {""id"": ""Y_H-Q2-TP"", ""score"": 0.44, ""name_en"": ""The Soul Listener"", ""name_th"": ""ผู้รับฟังแห่งจิตวิญญาณ"", ""image_url"": ""https://drive.google.com/thumbnail?id=1BzELsMHq61zINm2wZvBK3yx4YnO3WNSo&sz=w800""}, {""id"": ""Y_J-Q2-TP"", ""score"": 0.44, ""name_en"": ""The System Questioner"", ""name_th"": ""ผู้ตั้งคำถามต่อระบบ"", ""image_url"": ""https://drive.google.com/thumbnail?id=140OH6LfslALCRZKHjvClc-nfoWsPHLOj&sz=w800""}]","{""id"": ""Y_Tr-Q3-FJ"", ""score"": 0.15, ""name_en"": ""The Beauty Unifier"", ""name_th"": ""ผู้รวมใจด้วยศาสตร์แห่งศิลป์"", ""image_url"": ""https://drive.google.com/thumbnail?id=1jwTW9nt2AqsWHptwjCRhlm0GGTOZhY3T&sz=w800""}",,,100,สูง,"{""sd"": 0, ""inf"": 0, ""con_checks"": 0}",2026-04-16 06:43:50.90807+00,,,
4467f00a-11dd-4fcb-bdf6-6db3910da495,DEM-FCDEHAZBCFGGANONA,da9f26af-22f4-4fc5-8262-cabfdd9e30cf,Y_T-Q4-FP,ผู้ชมสวนแห่งสมดุล,The Still Gardener,2,2.8,1.9,2.4,3.2,Q4,,1,1,T,"{""C"": 7.5, ""H"": 3.5, ""J"": 6, ""T"": 18.5, ""W"": 10, ""Tr"": 7.5}",FP,"{""F"": 1.4, ""J"": 0, ""P"": 1.8, ""T"": 1.3}",6,3,2,1,F,Vata (วาตะ - ลม),"[{""id"": ""Y_W-Q4-FP"", ""score"": 0.56, ""name_en"": ""The Grounded Dreamer"", ""name_th"": ""ผู้ฝันบนรากฐาน"", ""image_url"": ""https://drive.google.com/thumbnail?id=1gLj8lTAtzS0HZ8mJmPce9KvlYVkGjVup&sz=w800""}, {""id"": ""Y_C-Q4-FP"", ""score"": 0.56, ""name_en"": ""The Story Wanderer"", ""name_th"": ""ผู้ท่องไปในโลกแห่งเรื่องราว"", ""image_url"": ""https://drive.google.com/thumbnail?id=1ncslcS5X4R_d2e8dra5KgIElehOmSNUs&sz=w800""}, {""id"": ""Y_H-Q4-FP"", ""score"": 0.56, ""name_en"": ""The \nforest Witness"", ""name_th"": ""ผู้รับฟังแห่งพงไพร"", ""image_url"": ""https://drive.google.com/thumbnail?id=1oeHTJkOqkG8CH15uLq9ITD_aK0kOEsEc&sz=w800""}]","{""id"": ""Y_T-Q1-TP"", ""score"": 0.15, ""name_en"": ""The Balance Mediator"", ""name_th"": ""ผู้ประสานสมดุล"", ""image_url"": ""https://drive.google.com/thumbnail?id=1jOK0vZsaFGILXMcmOR4rLaI69266wTTr&sz=w800""}",,,100,สูง,"{""sd"": 0, ""inf"": 0, ""con_checks"": 0}",2026-04-16 06:28:49.793403+00,,,
45ea7008-d6bf-4c9a-98b5-7199eb7037d6,DEM-FDCGFAEDIFGGANONA,078c8853-c3f6-459e-a40e-b5d09135516e,Y_J-Q4-TJ,ผู้รักษามาตรฐาน,The Standard Keeper,2.9,3.1,2.5,3.5,3,Q4,Q2,0.33,1,J,"{""C"": 10.5, ""H"": 7.5, ""J"": 12.5, ""T"": 11, ""W"": 8, ""Tr"": 9}",TJ,"{""F"": 1, ""J"": 1.4, ""P"": 0.8, ""T"": 1.8}",3,7,1,1,W,Pitta (ปิตตะ - ไฟ),"[{""id"": ""Y_W-Q4-TJ"", ""score"": 0.51, ""name_en"": ""The Knowledge Architect"", ""name_th"": ""สถาปนิกแห่งความรู้"", ""image_url"": ""https://drive.google.com/thumbnail?id=1p9ZlBQa-dbGWVCtETt89lXzSBp4wz1Ik&sz=w800""}, {""id"": ""Y_C-Q4-TJ"", ""score"": 0.51, ""name_en"": ""The Steadfast Pillar"", ""name_th"": ""เสาหลักแห่งความมั่นคง"", ""image_url"": ""https://drive.google.com/thumbnail?id=1KLhNXnMLVqoTPV6xed2Ai7-lXvOl8pEd&sz=w800""}, {""id"": ""Y_H-Q4-TJ"", ""score"": 0.51, ""name_en"": ""The Master Caretaker"", ""name_th"": ""นักดูแลผู้เชี่ยวชาญ"", ""image_url"": ""https://drive.google.com/thumbnail?id=1On4EUZ_mYGwXVNNfHEOxl1N1Zv5FW1II&sz=w800""}]","{""id"": ""Y_Tr-Q1-FP"", ""score"": 0.15, ""name_en"": ""The Cosmic Dreamer"", ""name_th"": ""นักฝันแห่งจักรวาล"", ""image_url"": ""https://drive.google.com/thumbnail?id=1UN4B902RcYUfe41bHW2V3EfsgZymHHA-&sz=w800""}",,,90,สูง,"{""sd"": 1, ""inf"": 0, ""con_checks"": 0}",2026-04-23 11:59:29.029367+00,83,📣 ผู้ทรงอิทธิพลทางความคิด (The Influencer),"สื่อสาร, สร้างสรรค์, อำนาจ, ธุรกิจ, ไม่จริงจัง, พูดมาก"
4b97542b-bdeb-45d1-97f4-f17f650e40cb,DEM-BBGDGAGGCFGGANONA,ca052dee-933d-47fa-ac76-90ae90fd055f,Y_C-Q2-TP,นักทดสอบขีดจำกัด,The Limit Tester,3.6,3.6,2.7,3.6,1.9,Q2,Q1,1,1,C,"{""C"": 13.5, ""H"": 7.5, ""J"": 8, ""T"": 11, ""W"": 8, ""Tr"": 3.5}",TP,"{""F"": 0.9, ""J"": 0.7, ""P"": 1.4, ""T"": 1.8}",5,7,0,0,W,Kapha (กผะ - ดิน/น้ำ),"[{""id"": ""Y_W-Q2-TP"", ""score"": 0.44, ""name_en"": ""The Idea Experimenter"", ""name_th"": ""นักทดลองไอเดีย"", ""image_url"": ""https://drive.google.com/thumbnail?id=1mlXpt7r24Axh_0bUbuSPRL6rl06W1sy-&sz=w800""}, {""id"": ""Y_H-Q2-TP"", ""score"": 0.44, ""name_en"": ""The Soul Listener"", ""name_th"": ""ผู้รับฟังแห่งจิตวิญญาณ"", ""image_url"": ""https://drive.google.com/thumbnail?id=1BzELsMHq61zINm2wZvBK3yx4YnO3WNSo&sz=w800""}, {""id"": ""Y_J-Q2-TP"", ""score"": 0.44, ""name_en"": ""The System Questioner"", ""name_th"": ""ผู้ตั้งคำถามต่อระบบ"", ""image_url"": ""https://drive.google.com/thumbnail?id=140OH6LfslALCRZKHjvClc-nfoWsPHLOj&sz=w800""}]","{""id"": ""Y_Tr-Q3-FJ"", ""score"": 0.15, ""name_en"": ""The Beauty Unifier"", ""name_th"": ""ผู้รวมใจด้วยศาสตร์แห่งศิลป์"", ""image_url"": ""https://drive.google.com/thumbnail?id=1jwTW9nt2AqsWHptwjCRhlm0GGTOZhY3T&sz=w800""}",,,100,สูง,"{""sd"": 0, ""inf"": 0, ""con_checks"": 0}",2026-04-16 22:16:25.887585+00,,,
4ec23751-db11-4a90-96a4-e116cb1d20c4,DEM-DZIHIBGBCFGGANONA,e1f3b276-b005-465a-b157-cdef1cbb2c1e,Y_J-Q4-TJ,ผู้รักษามาตรฐาน,The Standard Keeper,2.7,3.3,2.4,3.7,2.6,Q4,Q2,1,1,J,"{""C"": 9, ""H"": 6, ""J"": 11.5, ""T"": 9.5, ""W"": 9, ""Tr"": 3.5}",TJ,"{""F"": 0, ""J"": 1.8, ""P"": 0.5, ""T"": 2.6}",1,6,0,5,W,Pitta (ปิตตะ - ไฟ),"[{""id"": ""Y_W-Q4-TJ"", ""score"": 0.51, ""name_en"": ""The Knowledge Architect"", ""name_th"": ""สถาปนิกแห่งความรู้"", ""image_url"": ""https://drive.google.com/thumbnail?id=1p9ZlBQa-dbGWVCtETt89lXzSBp4wz1Ik&sz=w800""}, {""id"": ""Y_C-Q4-TJ"", ""score"": 0.51, ""name_en"": ""The Steadfast Pillar"", ""name_th"": ""เสาหลักแห่งความมั่นคง"", ""image_url"": ""https://drive.google.com/thumbnail?id=1KLhNXnMLVqoTPV6xed2Ai7-lXvOl8pEd&sz=w800""}, {""id"": ""Y_H-Q4-TJ"", ""score"": 0.51, ""name_en"": ""The Master Caretaker"", ""name_th"": ""นักดูแลผู้เชี่ยวชาญ"", ""image_url"": ""https://drive.google.com/thumbnail?id=1On4EUZ_mYGwXVNNfHEOxl1N1Zv5FW1II&sz=w800""}]","{""id"": ""Y_Tr-Q1-FP"", ""score"": 0.15, ""name_en"": ""The Cosmic Dreamer"", ""name_th"": ""นักฝันแห่งจักรวาล"", ""image_url"": ""https://drive.google.com/thumbnail?id=1UN4B902RcYUfe41bHW2V3EfsgZymHHA-&sz=w800""}",,,100,สูง,"{""sd"": 0, ""inf"": 0, ""con_checks"": 0}",2026-04-16 08:26:04.020585+00,,,
5cf6147b-895b-406d-9e0a-c84f272f4a68,DEM-CGBCZBBCDFGGANONA,97b69e50-8a19-43cd-b66c-0fd650c87174,Y_T-Q1-TP,ผู้ประสานสมดุล,The Balance Mediator,3.6,3.4,3.5,3.1,2.8,Q1,,1,1,T,"{""C"": 7.5, ""H"": 10, ""J"": 6.5, ""T"": 13, ""W"": 6, ""Tr"": 7.5}",TP,"{""F"": 0.6, ""J"": 0.4, ""P"": 1.6, ""T"": 2.1}",0,5,1,6,E,Pitta (ปิตตะ - ไฟ),"[{""id"": ""Y_W-Q1-TP"", ""score"": 0.46, ""name_en"": ""The Limitless Inventor"", ""name_th"": ""นักประดิษฐ์ผู้ไร้ขอบเขต"", ""image_url"": ""https://drive.google.com/thumbnail?id=1CiYOi_vHR5I-WTka4lsP5Z1j2rNWgAjJ&sz=w800""}, {""id"": ""Y_H-Q1-TP"", ""score"": 0.46, ""name_en"": ""The Heart Reader"", ""name_th"": ""นักอ่านใจ"", ""image_url"": ""https://drive.google.com/thumbnail?id=1Km4L2kLMtU5090t3YRA6xuRHli_IabHL&sz=w800""}, {""id"": ""Y_J-Q1-TP"", ""score"": 0.46, ""name_en"": ""The Blazing Reformer"", ""name_th"": ""นักปฏิวัติผู้ลุกโชน"", ""image_url"": ""https://drive.google.com/thumbnail?id=1rRP57MgNPsqjgk7uAJ3onk37uy4nFpvG&sz=w800""}]","{""id"": ""Y_Tr-Q4-FP"", ""score"": 0.15, ""name_en"": ""The Silent Receiver"", ""name_th"": ""ผู้รับสารแห่งความเงียบ"", ""image_url"": ""https://drive.google.com/thumbnail?id=11E3Jvi4dI_l7s936-RhfoXS62sjNEu-i&sz=w800""}",,,100,สูง,"{""sd"": 0, ""inf"": 0, ""con_checks"": 0}",2026-04-17 13:33:39.78199+00,18,🌋 ผู้กล้าบ้าบิ่น (The Daredevil),"บ้าอำนาจ, ใจร้อน, ความขัดแย้ง, ทำคุณคนไม่ขึ้น, การให้อภัย, การควบคุม"
66a77ca8-0cae-42a5-9ab1-6e0cc501404f,DEM-EECDBIHACFGGANONA,ebbc6a64-638b-4dd3-9508-33a37b63b2f8,Y_W-Q2-FP,นักฝันผู้ตื่นรู้,The Awakened Dreamer,3.7,3.4,2.5,2.6,2.9,Q2,,1,1,W,"{""C"": 10.5, ""H"": 6.5, ""J"": 3.5, ""T"": 14, ""W"": 16.5, ""Tr"": 4.5}",FP,"{""F"": 0.8, ""J"": 0.4, ""P"": 1.6, ""T"": 0}",2,7,2,1,W,Vata (วาตะ - ลม),"[{""id"": ""Y_C-Q2-FP"", ""score"": 0.5, ""name_en"": ""The Heartstrong Fighter"", ""name_th"": ""นักสู้หัวใจแกร่ง"", ""image_url"": ""https://drive.google.com/thumbnail?id=1Y2uBeQNrbd4mZP4VNQV7Nd-Yu2ectFPJ&sz=w800""}, {""id"": ""Y_H-Q2-FP"", ""score"": 0.5, ""name_en"": ""The Spirit Feeler"", ""name_th"": ""ผู้สัมผัสแห่งจิตวิญญาณ"", ""image_url"": ""https://drive.google.com/thumbnail?id=1XO1VQS2aGCnHXlT4-xEHS2p8CsmIFqPU&sz=w800""}, {""id"": ""Y_J-Q2-FP"", ""score"": 0.5, ""name_en"": ""The Equity Storyteller"", ""name_th"": ""นักเล่าเรื่องความเท่าเทียม"", ""image_url"": ""https://drive.google.com/thumbnail?id=13cgYLiTFqaYI0sqcfwofP67tqxU754BW&sz=w800""}]","{""id"": ""Y_Tr-Q3-TJ"", ""score"": 0.15, ""name_en"": ""The Spirit Connector"", ""name_th"": ""ผู้เชื่อมจิตวิญญาณ"", ""image_url"": ""https://drive.google.com/thumbnail?id=1yfhlddWLEnGYWmpDCLSdgXr_yxRIK4fV&sz=w800""}",,,90,สูง,"{""sd"": 1, ""inf"": 0, ""con_checks"": 0}",2026-04-16 06:43:51.39482+00,,,
6a0ade79-dcd6-458f-937c-d0395d3d933e,DEM-HCCECFBHEFGGANONA,41fbca6f-7ef4-4dbb-8238-c96c9d46d998,Y_T-Q2-TP,ผู้ฝึกตน,The Self Cultivator,3.1,3.6,2.2,2.5,3,Q2,Q4,0.33,1,T,"{""C"": 7.5, ""H"": 12, ""J"": 6.5, ""T"": 12.5, ""W"": 3.5, ""Tr"": 8}",TP,"{""F"": 0.9, ""J"": 0.5, ""P"": 1.7000000000000002, ""T"": 0.9}",2,5,4,1,W,Vata (วาตะ - ลม),"[{""id"": ""Y_W-Q2-TP"", ""score"": 0.42, ""name_en"": ""The Idea Experimenter"", ""name_th"": ""นักทดลองไอเดีย"", ""image_url"": ""https://drive.google.com/thumbnail?id=1mlXpt7r24Axh_0bUbuSPRL6rl06W1sy-&sz=w800""}, {""id"": ""Y_C-Q2-TP"", ""score"": 0.42, ""name_en"": ""The Limit Tester"", ""name_th"": ""นักทดสอบขีดจำกัด"", ""image_url"": ""https://drive.google.com/thumbnail?id=1j-rZwH1yZphDy3DNToFHKHzB45_zJUKk&sz=w800""}, {""id"": ""Y_H-Q2-TP"", ""score"": 0.42, ""name_en"": ""The Soul Listener"", ""name_th"": ""ผู้รับฟังแห่งจิตวิญญาณ"", ""image_url"": ""https://drive.google.com/thumbnail?id=1BzELsMHq61zINm2wZvBK3yx4YnO3WNSo&sz=w800""}]","{""id"": ""Y_Tr-Q3-FJ"", ""score"": 0.15, ""name_en"": ""The Beauty Unifier"", ""name_th"": ""ผู้รวมใจด้วยศาสตร์แห่งศิลป์"", ""image_url"": ""https://drive.google.com/thumbnail?id=1jwTW9nt2AqsWHptwjCRhlm0GGTOZhY3T&sz=w800""}",,,90,สูง,"{""sd"": 1, ""inf"": 0, ""con_checks"": 0}",2026-04-19 07:24:18.28418+00,95,🦋 นักเดินทางผู้ใจบุญ (The Philanthropic Traveler),"อิสระ, เสียสละ, การเดินทาง, เรียนรู้, ไม่มั่นคง, ชอบเสี่ยง"
71249008-d5f6-4abd-b8f1-7d400407b828,DEM-EHHECFGEBFGGANONA,5595b987-31a0-4bcb-af47-70fcfed1e077,Y_W-Q2-TJ,นักวิเคราะห์แห่งความลึกล้ำล้ำ,The Deep Analyst,3.3,3.2,1.8,3.3,2.6,Q2,Q4,1,1,W,"{""C"": 3, ""H"": 11, ""J"": 0, ""T"": 13.5, ""W"": 14.5, ""Tr"": 9}",TJ,"{""F"": 1, ""J"": 1.9, ""P"": 0.3, ""T"": 1.8}",2,4,0,6,E,Pitta (ปิตตะ - ไฟ),"[{""id"": ""Y_C-Q2-TJ"", ""score"": 0.46, ""name_en"": ""The Truth Seeker"", ""name_th"": ""นักสืบแห่งความจริงแท้"", ""image_url"": ""https://drive.google.com/thumbnail?id=1Y7YUyLj6rs4WtGAhb1St4scaABk55RXF&sz=w800""}, {""id"": ""Y_H-Q2-TJ"", ""score"": 0.46, ""name_en"": ""The Still Psychologist"", ""name_th"": ""นักจิตวิทยาผู้มั่นคง"", ""image_url"": ""https://drive.google.com/thumbnail?id=1h16AcKYjKKWGpQEsVK1wXsuFtz0n8paj&sz=w800""}, {""id"": ""Y_J-Q2-TJ"", ""score"": 0.46, ""name_en"": ""The Young Lawmaker"", ""name_th"": ""นักนิติบัญญัติหนุ่ม"", ""image_url"": ""https://drive.google.com/thumbnail?id=1DE-CyCZHVQaZpbyM4mA69PWZyKcDy_U1&sz=w800""}]","{""id"": ""Y_Tr-Q3-FP"", ""score"": 0.15, ""name_en"": ""The Roaming Ritualist"", ""name_th"": ""นักประกอบพิธีกรรมพเนจร"", ""image_url"": ""https://drive.google.com/thumbnail?id=1Q2PhefdgrCCt_Sv9P-QWjPZEJoKEiHxF&sz=w800""}",,,100,สูง,"{""sd"": 0, ""inf"": 0, ""con_checks"": 0}",2026-04-15 13:09:07.968217+00,,,
76078f86-0e1a-4986-b406-17374e8533a5,DEM-BFAZFEGAEFGGANONA,32b9e733-c723-46c3-ade8-c69f29a920c0,Y_J-Q2-FP,นักเล่าเรื่องความเท่าเทียม,The Equity Storyteller,3.2,3.6,2,3.4,3.2,Q2,Q4,0.67,1,J,"{""C"": 13.5, ""H"": 9.5, ""J"": 14, ""T"": 7.5, ""W"": 0, ""Tr"": 12}",FP,"{""F"": 1.8, ""J"": 0.5, ""P"": 1.9, ""T"": 0.8}",0,4,2,6,E,Vata (วาตะ - ลม),"[{""id"": ""Y_W-Q2-FP"", ""score"": 0.46, ""name_en"": ""The Awakened Dreamer"", ""name_th"": ""นักฝันผู้ตื่นรู้"", ""image_url"": ""https://drive.google.com/thumbnail?id=1IsqN4JRxiELXawLcUttl8CM7l-0r5en3&sz=w800""}, {""id"": ""Y_C-Q2-FP"", ""score"": 0.46, ""name_en"": ""The Heartstrong Fighter"", ""name_th"": ""นักสู้หัวใจแกร่ง"", ""image_url"": ""https://drive.google.com/thumbnail?id=1Y2uBeQNrbd4mZP4VNQV7Nd-Yu2ectFPJ&sz=w800""}, {""id"": ""Y_H-Q2-FP"", ""score"": 0.46, ""name_en"": ""The Spirit Feeler"", ""name_th"": ""ผู้สัมผัสแห่งจิตวิญญาณ"", ""image_url"": ""https://drive.google.com/thumbnail?id=1XO1VQS2aGCnHXlT4-xEHS2p8CsmIFqPU&sz=w800""}]","{""id"": ""Y_Tr-Q3-TJ"", ""score"": 0.15, ""name_en"": ""The Spirit Connector"", ""name_th"": ""ผู้เชื่อมจิตวิญญาณ"", ""image_url"": ""https://drive.google.com/thumbnail?id=1yfhlddWLEnGYWmpDCLSdgXr_yxRIK4fV&sz=w800""}",,,100,สูง,"{""sd"": 0, ""inf"": 0, ""con_checks"": 0}",2026-04-18 13:11:08.43207+00,86,❤️ ผู้ดูแลผู้ทรงอิทธิพล (The Influential Caregiver),"ดูแล, ทรงอิทธิพล, ความสัมพันธ์, เป็นที่พึ่ง, กังวล, แบกภาระ"
7e6da21c-e145-415b-a4f1-9e5cd89eac61,DEM-ZZIHZZBBCFGGANONA,c32d2c89-cb98-4a93-be02-735054d5705b,Y_H-Q2-TP,ผู้รับฟังแห่งจิตวิญญาณ,The Soul Listener,4.3,3.3,2.8,2.6,2.8,Q2,Q1,1,0.67,H,"{""C"": 6, ""H"": 16, ""J"": 3.5, ""T"": 13, ""W"": 6.5, ""Tr"": 4.5}",TP,"{""F"": 1.3, ""J"": 0.9, ""P"": 1.1, ""T"": 1.4}",2,3,5,2,A,Vata (วาตะ - ลม),"[{""id"": ""Y_W-Q2-TP"", ""score"": 0.44, ""name_en"": ""The Idea Experimenter"", ""name_th"": ""นักทดลองไอเดีย"", ""image_url"": ""https://drive.google.com/thumbnail?id=1mlXpt7r24Axh_0bUbuSPRL6rl06W1sy-&sz=w800""}, {""id"": ""Y_C-Q2-TP"", ""score"": 0.44, ""name_en"": ""The Limit Tester"", ""name_th"": ""นักทดสอบขีดจำกัด"", ""image_url"": ""https://drive.google.com/thumbnail?id=1j-rZwH1yZphDy3DNToFHKHzB45_zJUKk&sz=w800""}, {""id"": ""Y_J-Q2-TP"", ""score"": 0.44, ""name_en"": ""The System Questioner"", ""name_th"": ""ผู้ตั้งคำถามต่อระบบ"", ""image_url"": ""https://drive.google.com/thumbnail?id=140OH6LfslALCRZKHjvClc-nfoWsPHLOj&sz=w800""}]","{""id"": ""Y_Tr-Q3-FJ"", ""score"": 0.15, ""name_en"": ""The Beauty Unifier"", ""name_th"": ""ผู้รวมใจด้วยศาสตร์แห่งศิลป์"", ""image_url"": ""https://drive.google.com/thumbnail?id=1jwTW9nt2AqsWHptwjCRhlm0GGTOZhY3T&sz=w800""}",,,100,สูง,"{""sd"": 0, ""inf"": 0, ""con_checks"": 0}",2026-04-16 06:54:25.842848+00,,,
82f64974-1beb-4255-b9a8-7a4e67ad2913,DEM-AEIEDAIFBFGGANONA,e6dadef2-cc10-48cc-a1ef-ed99675adc32,Y_H-Q3-FP,เพื่อนผู้โอบอ้อม,The Warm Companion,2.9,3.4,3.1,3.4,2.4,Q3,Q4,0.33,0.33,H,"{""C"": 4.5, ""H"": 15, ""J"": 8, ""T"": 13, ""W"": 10.5, ""Tr"": 0}",FP,"{""F"": 2.3, ""J"": 0.9, ""P"": 1.2999999999999998, ""T"": 0.4}",3,3,4,2,A,Pitta (ปิตตะ - ไฟ),"[{""id"": ""Y_C-Q3-FP"", ""score"": 0.48, ""name_en"": ""The Brave Wanderer"", ""name_th"": ""นักเดินทางแห่งความกล้า"", ""image_url"": ""https://drive.google.com/thumbnail?id=1h4p6joMD4QT6z3ndyv-64C_I1-oGohZn&sz=w800""}, {""id"": ""Y_T-Q3-FP"", ""score"": 0.48, ""name_en"": ""The Bounded Friend"", ""name_th"": ""เพื่อนผู้รู้ขอบเขต"", ""image_url"": ""https://drive.google.com/thumbnail?id=1Y8mfvADCGDJnL4A0-HWwTU4vzoh81cds&sz=w800""}, {""id"": ""Y_W-Q4-FP"", ""score"": 0.48, ""name_en"": ""The Grounded Dreamer"", ""name_th"": ""ผู้ฝันบนรากฐาน"", ""image_url"": ""https://drive.google.com/thumbnail?id=1gLj8lTAtzS0HZ8mJmPce9KvlYVkGjVup&sz=w800""}]","{""id"": ""Y_T-Q1-TJ"", ""score"": 0.15, ""name_en"": ""The Arena Referee"", ""name_th"": ""กรรมการสนาม"", ""image_url"": ""https://drive.google.com/thumbnail?id=1YE62YuG_kkSewaa-R15r2-mFTBkvurKS&sz=w800""}",,,100,สูง,"{""sd"": 0, ""inf"": 0, ""con_checks"": 0}",2026-04-15 16:08:02.780217+00,,,
84dc4a54-0363-40c9-9a86-4dcdd3eea902,DEM-EHZGBHBFEFGGANONA,a861eb32-edc3-4c56-bb4c-b0260821e9ff,Y_C-Q2-FJ,นักเล่าเรื่องแห่งความกล้า,The Courage Storyteller,3.6,3.2,2.4,2.9,2.4,Q2,,1,1,C,"{""C"": 13.5, ""H"": 12.5, ""J"": 4.5, ""T"": 9, ""W"": 6.5, ""Tr"": 3.5}",FJ,"{""F"": 1.5, ""J"": 1.8, ""P"": 0.4, ""T"": 1.3}",2,7,0,3,W,Vata (วาตะ - ลม),"[{""id"": ""Y_W-Q2-FJ"", ""score"": 0.5, ""name_en"": ""The Understanding Guardian"", ""name_th"": ""ผู้พิทักษ์ผู้หยั่งรู้"", ""image_url"": ""https://drive.google.com/thumbnail?id=1R91AcSvwr5u2PWcPXqdUCZfmSkb9kcVQ&sz=w800""}, {""id"": ""Y_H-Q2-FJ"", ""score"": 0.5, ""name_en"": ""The Gentle Mentor"", ""name_th"": ""พี่เลี้ยงผู้อ่อนโยน"", ""image_url"": ""https://drive.google.com/thumbnail?id=1fShOaENUWsuBE6pTaU9W_Ql-mDi0-QSJ&sz=w800""}, {""id"": ""Y_J-Q2-FJ"", ""score"": 0.5, ""name_en"": ""The Gentle Ethicist"", ""name_th"": ""นักจริยธรรมผู้อ่อนโยน"", ""image_url"": ""https://drive.google.com/thumbnail?id=1KChXgg87asDKM4-_E3QZJ1Q9VEw04mUK&sz=w800""}]","{""id"": ""Y_Tr-Q3-TP"", ""score"": 0.15, ""name_en"": ""The Spirit Player"", ""name_th"": ""ผู้เล่นที่มีสปิริต"", ""image_url"": ""https://drive.google.com/thumbnail?id=17mpBIuh_kIK8HR8UJhKAvWw7xdrst_ok&sz=w800""}",,,100,สูง,"{""sd"": 0, ""inf"": 0, ""con_checks"": 0}",2026-04-19 01:52:37.986794+00,1,🎖️ วีรบุรุษผู้ถูกลืม (The Unsung Hero),"ความเป็นผู้นำ, ผลงาน, การไม่ยอมรับ, ความมั่นใจ, การต่อสู้, ความยุติธรรม, ความขัดแย้ง"
8eecc946-7eaa-499c-9e40-9f230c068669,DEM-EDDFHAZBCFGGANONA,e0675e65-ca72-418c-a69a-1c6756cc836a,Y_T-Q4-FP,ผู้ชมสวนแห่งสมดุล,The Still Gardener,2.5,3.1,2.2,3.1,2.9,Q4,,1,1,T,"{""C"": 1.5, ""H"": 12.5, ""J"": 0, ""T"": 18.5, ""W"": 6, ""Tr"": 7.5}",FP,"{""F"": 1.2, ""J"": 0.5, ""P"": 1.8, ""T"": 0.4}",4,6,1,1,W,Vata (วาตะ - ลม),"[{""id"": ""Y_W-Q4-FP"", ""score"": 0.56, ""name_en"": ""The Grounded Dreamer"", ""name_th"": ""ผู้ฝันบนรากฐาน"", ""image_url"": ""https://drive.google.com/thumbnail?id=1gLj8lTAtzS0HZ8mJmPce9KvlYVkGjVup&sz=w800""}, {""id"": ""Y_C-Q4-FP"", ""score"": 0.56, ""name_en"": ""The Story Wanderer"", ""name_th"": ""ผู้ท่องไปในโลกแห่งเรื่องราว"", ""image_url"": ""https://drive.google.com/thumbnail?id=1ncslcS5X4R_d2e8dra5KgIElehOmSNUs&sz=w800""}, {""id"": ""Y_H-Q4-FP"", ""score"": 0.56, ""name_en"": ""The \nforest Witness"", ""name_th"": ""ผู้รับฟังแห่งพงไพร"", ""image_url"": ""https://drive.google.com/thumbnail?id=1oeHTJkOqkG8CH15uLq9ITD_aK0kOEsEc&sz=w800""}]","{""id"": ""Y_T-Q1-TP"", ""score"": 0.15, ""name_en"": ""The Balance Mediator"", ""name_th"": ""ผู้ประสานสมดุล"", ""image_url"": ""https://drive.google.com/thumbnail?id=1jOK0vZsaFGILXMcmOR4rLaI69266wTTr&sz=w800""}",,,100,สูง,"{""sd"": 0, ""inf"": 0, ""con_checks"": 0}",2026-04-16 06:24:58.452042+00,,,
8ef10611-31f3-4402-8722-1cb76e149118,DEM-EDZZDZHFCFGGANONA,b716750c-9361-4cae-b9b6-1b9c673d8920,Y_W-Q2-FP,นักฝันผู้ตื่นรู้,The Awakened Dreamer,3.8,3.2,1.9,3.1,2.6,Q2,,1,1,W,"{""C"": 13.5, ""H"": 3, ""J"": 0, ""T"": 13.5, ""W"": 24.5, ""Tr"": 0}",FP,"{""F"": 1.8, ""J"": 0.9, ""P"": 1.1, ""T"": 0.9}",3,5,0,4,W,Vata (วาตะ - ลม),"[{""id"": ""Y_C-Q2-FP"", ""score"": 0.5, ""name_en"": ""The Heartstrong Fighter"", ""name_th"": ""นักสู้หัวใจแกร่ง"", ""image_url"": ""https://drive.google.com/thumbnail?id=1Y2uBeQNrbd4mZP4VNQV7Nd-Yu2ectFPJ&sz=w800""}, {""id"": ""Y_H-Q2-FP"", ""score"": 0.5, ""name_en"": ""The Spirit Feeler"", ""name_th"": ""ผู้สัมผัสแห่งจิตวิญญาณ"", ""image_url"": ""https://drive.google.com/thumbnail?id=1XO1VQS2aGCnHXlT4-xEHS2p8CsmIFqPU&sz=w800""}, {""id"": ""Y_J-Q2-FP"", ""score"": 0.5, ""name_en"": ""The Equity Storyteller"", ""name_th"": ""นักเล่าเรื่องความเท่าเทียม"", ""image_url"": ""https://drive.google.com/thumbnail?id=13cgYLiTFqaYI0sqcfwofP67tqxU754BW&sz=w800""}]","{""id"": ""Y_Tr-Q3-TJ"", ""score"": 0.15, ""name_en"": ""The Spirit Connector"", ""name_th"": ""ผู้เชื่อมจิตวิญญาณ"", ""image_url"": ""https://drive.google.com/thumbnail?id=1yfhlddWLEnGYWmpDCLSdgXr_yxRIK4fV&sz=w800""}",,,100,สูง,"{""sd"": 0, ""inf"": 0, ""con_checks"": 0}",2026-04-16 19:48:24.796685+00,,,
962582f6-6663-4890-81f9-1097954b9a37,DEM-HABEZAFICFGGANONA,eefe11f1-9dd1-4e14-862b-eacfb3b5467d,Y_T-Q4-FJ,ผู้รักษาสันติ,The Group Peace Keeper,2.7,3.3,1.8,2.8,3,Q4,Q2,1,1,T,"{""C"": 7.5, ""H"": 9, ""J"": 7.5, ""T"": 11.5, ""W"": 7, ""Tr"": 4.5}",FJ,"{""F"": 0.6, ""J"": 1.7999999999999998, ""P"": 0.5, ""T"": 0}",0,6,2,4,W,Pitta (ปิตตะ - ไฟ),"[{""id"": ""Y_W-Q4-FJ"", ""score"": 0.51, ""name_en"": ""The Library Guardian"", ""name_th"": ""ผู้พิทักษ์ห้องสมุด"", ""image_url"": ""https://drive.google.com/thumbnail?id=1Wh7e2FGgF4A-Xe6v-eMcc2cSjtGplNP0&sz=w800""}, {""id"": ""Y_C-Q4-FJ"", ""score"": 0.51, ""name_en"": ""The Gate Keeper"", ""name_th"": ""ผู้พิทักษ์ประตู"", ""image_url"": ""https://drive.google.com/thumbnail?id=1Q6jTMBjLsAXr-aYnIQgl_UeUHtDPSCvc&sz=w800""}, {""id"": ""Y_H-Q4-FJ"", ""score"": 0.51, ""name_en"": ""The Community Anchor"", ""name_th"": ""ศูนย์กลางชุมชน"", ""image_url"": ""https://drive.google.com/thumbnail?id=1GPCjIKNzK4SAz3QBGKvjK1zm7p0LrtC0&sz=w800""}]","{""id"": ""Y_T-Q1-TP"", ""score"": 0.15, ""name_en"": ""The Balance Mediator"", ""name_th"": ""ผู้ประสานสมดุล"", ""image_url"": ""https://drive.google.com/thumbnail?id=1jOK0vZsaFGILXMcmOR4rLaI69266wTTr&sz=w800""}",,,90,สูง,"{""sd"": 1, ""inf"": 0, ""con_checks"": 0}",2026-04-17 03:52:39.323096+00,,,
9763e136-e170-4992-baee-c2395a66d471,DEM-BHFZFBEDDFGGANONA,2ceefac4-e113-4760-9ba9-1c8179d243ab,Y_T-Q2-TJ,ปราชญ์ผู้สงบ,The Still Sage,3.9,2.4,1.8,2.2,3.1,Q2,,1,1,T,"{""C"": 10, ""H"": 0, ""J"": 3.5, ""T"": 19.5, ""W"": 3.5, ""Tr"": 3.5}",TJ,"{""F"": 1.1, ""J"": 1.4, ""P"": 0.6, ""T"": 1.4}",5,4,0,3,F,Vata (วาตะ - ลม),"[{""id"": ""Y_W-Q2-TJ"", ""score"": 0.5, ""name_en"": ""The Deep Analyst"", ""name_th"": ""นักวิเคราะห์แห่งความลึกล้ำล้ำ"", ""image_url"": ""https://drive.google.com/thumbnail?id=1elgim50F8r2GfGRningpg7GKSnSZGqtJ&sz=w800""}, {""id"": ""Y_C-Q2-TJ"", ""score"": 0.5, ""name_en"": ""The Truth Seeker"", ""name_th"": ""นักสืบแห่งความจริงแท้"", ""image_url"": ""https://drive.google.com/thumbnail?id=1Y7YUyLj6rs4WtGAhb1St4scaABk55RXF&sz=w800""}, {""id"": ""Y_H-Q2-TJ"", ""score"": 0.5, ""name_en"": ""The Still Psychologist"", ""name_th"": ""นักจิตวิทยาผู้มั่นคง"", ""image_url"": ""https://drive.google.com/thumbnail?id=1h16AcKYjKKWGpQEsVK1wXsuFtz0n8paj&sz=w800""}]","{""id"": ""Y_Tr-Q3-FP"", ""score"": 0.15, ""name_en"": ""The Roaming Ritualist"", ""name_th"": ""นักประกอบพิธีกรรมพเนจร"", ""image_url"": ""https://drive.google.com/thumbnail?id=1Q2PhefdgrCCt_Sv9P-QWjPZEJoKEiHxF&sz=w800""}",🌱,Hidden Creative,100,สูง,"{""sd"": 0, ""inf"": 0, ""con_checks"": 0}",2026-04-17 17:17:46.813947+00,88,💎 จักรพรรดิแห่งความมั่งคั่ง (The Emperor of Wealth),"ความมั่งคั่ง, อำนาจสมบูรณ์, ธุรกิจ, สร้างอาณาจักร, หลงอำนาจ, โลภ"
982ba55f-eefc-43f6-91ac-6c110c8ed13b,DEM-AFIHGBEBEFGGANONA,bd0ae44e-27bb-42fc-b3bd-9dd7d5f49705,Y_C-Q1-FP,นักผจญภัยแห่งหัวใจ,The Heartfelt Adventurer,3.4,3.4,3.1,3.6,2.3,Q1,Q2,1,0.33,C,"{""C"": 13.5, ""H"": 12.5, ""J"": 6.5, ""T"": 7.5, ""W"": 6.5, ""Tr"": 6.5}",FP,"{""F"": 2.2, ""J"": 0.4, ""P"": 1.6, ""T"": 0.5}",6,0,5,1,F,Kapha (กผะ - ดิน/น้ำ),"[{""id"": ""Y_W-Q1-FP"", ""score"": 0.48, ""name_en"": ""The Possibility Painter"", ""name_th"": ""จิตรกรแห่งความเป็นไปได้"", ""image_url"": ""https://drive.google.com/thumbnail?id=1RR5XVPxCijzyEuOcETtN4ForURO4H64G&sz=w800""}, {""id"": ""Y_H-Q1-FP"", ""score"": 0.48, ""name_en"": ""The World Embracer"", ""name_th"": ""ผู้โอบกอดโลก"", ""image_url"": ""https://drive.google.com/thumbnail?id=1y2eYcXhkR9JitN2OXmEE9uEuH7OZyXqA&sz=w800""}, {""id"": ""Y_J-Q1-FP"", ""score"": 0.48, ""name_en"": ""The Heartfelt Activist"", ""name_th"": ""นักเคลื่อนไหวแห่งหัวใจ"", ""image_url"": ""https://drive.google.com/thumbnail?id=1KgYNkLaV1JGDnC6-TfB15qjH2AhhCg3E&sz=w800""}]","{""id"": ""Y_Tr-Q4-TJ"", ""score"": 0.15, ""name_en"": ""The Sacred Tradition Keeper"", ""name_th"": ""ผู้รักษาประเพณีศักดิ์สิทธิ์"", ""image_url"": ""https://drive.google.com/thumbnail?id=1pvCRT4jcOcX_8XlAYVk4XI-fpAymSjPE&sz=w800""}",,,100,สูง,"{""sd"": 0, ""inf"": 0, ""con_checks"": 0}",2026-04-18 15:29:25.458214+00,68,🏰 เจ้าแห่งอาณาจักร (The Empire Lord),"ความสำเร็จ, ธุรกิจ, การเงิน, ความรับผิดชอบ, อำนาจ, ความโลภ"
ad0dd177-a211-4c19-b898-b4849ef69382,DEM-EBHZAFZGBFGGANONA,111a5baf-3e59-46f1-bcdc-e220e2c36a9b,Y_T-Q2-TP,ผู้ฝึกตน,The Self Cultivator,3.3,3.3,2.7,3.7,3,Q2,Q1,1,1,T,"{""C"": 13.5, ""H"": 3, ""J"": 12.5, ""T"": 14, ""W"": 8, ""Tr"": 4.5}",TP,"{""F"": 1, ""J"": 0.9, ""P"": 1.3, ""T"": 1.8}",3,7,1,1,W,Vata (วาตะ - ลม),"[{""id"": ""Y_W-Q2-TP"", ""score"": 0.44, ""name_en"": ""The Idea Experimenter"", ""name_th"": ""นักทดลองไอเดีย"", ""image_url"": ""https://drive.google.com/thumbnail?id=1mlXpt7r24Axh_0bUbuSPRL6rl06W1sy-&sz=w800""}, {""id"": ""Y_C-Q2-TP"", ""score"": 0.44, ""name_en"": ""The Limit Tester"", ""name_th"": ""นักทดสอบขีดจำกัด"", ""image_url"": ""https://drive.google.com/thumbnail?id=1j-rZwH1yZphDy3DNToFHKHzB45_zJUKk&sz=w800""}, {""id"": ""Y_H-Q2-TP"", ""score"": 0.44, ""name_en"": ""The Soul Listener"", ""name_th"": ""ผู้รับฟังแห่งจิตวิญญาณ"", ""image_url"": ""https://drive.google.com/thumbnail?id=1BzELsMHq61zINm2wZvBK3yx4YnO3WNSo&sz=w800""}]","{""id"": ""Y_Tr-Q3-FJ"", ""score"": 0.15, ""name_en"": ""The Beauty Unifier"", ""name_th"": ""ผู้รวมใจด้วยศาสตร์แห่งศิลป์"", ""image_url"": ""https://drive.google.com/thumbnail?id=1jwTW9nt2AqsWHptwjCRhlm0GGTOZhY3T&sz=w800""}",,,90,สูง,"{""sd"": 1, ""inf"": 0, ""con_checks"": 0}",2026-04-15 16:33:36.928066+00,,,
b0405a80-4cc2-4aec-bdc4-a14f6dc4b192,DEM-BEDIFZCBCFGGANONA,b7195132-0bb6-472a-a111-859f58d50a3c,Y_T-Q2-TP,ผู้ฝึกตน,The Self Cultivator,3.2,3.5,2.3,3.3,2.7,Q2,Q4,0.67,1,T,"{""C"": 12, ""H"": 6.5, ""J"": 0, ""T"": 16, ""W"": 11, ""Tr"": 3.5}",TP,"{""F"": 0, ""J"": 0.3, ""P"": 1.9, ""T"": 2.6}",5,3,0,4,F,Pitta (ปิตตะ - ไฟ),"[{""id"": ""Y_W-Q2-TP"", ""score"": 0.42, ""name_en"": ""The Idea Experimenter"", ""name_th"": ""นักทดลองไอเดีย"", ""image_url"": ""https://drive.google.com/thumbnail?id=1mlXpt7r24Axh_0bUbuSPRL6rl06W1sy-&sz=w800""}, {""id"": ""Y_C-Q2-TP"", ""score"": 0.42, ""name_en"": ""The Limit Tester"", ""name_th"": ""นักทดสอบขีดจำกัด"", ""image_url"": ""https://drive.google.com/thumbnail?id=1j-rZwH1yZphDy3DNToFHKHzB45_zJUKk&sz=w800""}, {""id"": ""Y_H-Q2-TP"", ""score"": 0.42, ""name_en"": ""The Soul Listener"", ""name_th"": ""ผู้รับฟังแห่งจิตวิญญาณ"", ""image_url"": ""https://drive.google.com/thumbnail?id=1BzELsMHq61zINm2wZvBK3yx4YnO3WNSo&sz=w800""}]","{""id"": ""Y_Tr-Q3-FJ"", ""score"": 0.15, ""name_en"": ""The Beauty Unifier"", ""name_th"": ""ผู้รวมใจด้วยศาสตร์แห่งศิลป์"", ""image_url"": ""https://drive.google.com/thumbnail?id=1jwTW9nt2AqsWHptwjCRhlm0GGTOZhY3T&sz=w800""}",,,100,สูง,"{""sd"": 0, ""inf"": 0, ""con_checks"": 0}",2026-04-16 07:16:55.233691+00,,,
b287e156-2efd-4023-8100-b4f6d0d48110,DEM-CIZBCEGHGFGGANONA,30f3ee38-c999-460b-8055-7123e14d71e6,Y_T-Q4-TP,ผู้ฝึกตนผู้เคร่งครัด,The Disciplined Experimenter,2.9,3.3,2.6,3.5,3,Q4,Q2,0.33,1,T,"{""C"": 13.5, ""H"": 6, ""J"": 12.5, ""T"": 14, ""W"": 3.5, ""Tr"": 4.5}",TP,"{""F"": 1, ""J"": 0.9, ""P"": 1.3, ""T"": 1.8}",3,7,1,1,W,Vata (วาตะ - ลม),"[{""id"": ""Y_W-Q4-TP"", ""score"": 0.47, ""name_en"": ""The Knowledge Tester"", ""name_th"": ""นักทดลองผู้ทรงภูมิ"", ""image_url"": ""https://drive.google.com/thumbnail?id=15AYwHPseoJ3tEQeJvrlffn5u56hfEhQj&sz=w800""}, {""id"": ""Y_C-Q4-TP"", ""score"": 0.47, ""name_en"": ""The Wall Scout"", ""name_th"": ""นักสำรวจกำแพง"", ""image_url"": ""https://drive.google.com/thumbnail?id=1FMSet8Jxsh02c7E2SfGzWXNT3S13OctP&sz=w800""}, {""id"": ""Y_H-Q4-TP"", ""score"": 0.47, ""name_en"": ""The Empathic Helper"", ""name_th"": ""ผู้ช่วยเหลือผู้มีความเข้าใจ"", ""image_url"": ""https://drive.google.com/thumbnail?id=1WU5jv5ntUvxzzSnw985rpOFS3GnYG0EF&sz=w800""}]","{""id"": ""Y_Tr-Q1-FJ"", ""score"": 0.15, ""name_en"": ""The Spirit Leader"", ""name_th"": ""ผู้นำทางจิตวิญญาณ"", ""image_url"": ""https://drive.google.com/thumbnail?id=1gv2jSkmQoWCudp8Bhi-kUOpMknsu8m2E&sz=w800""}",,,90,สูง,"{""sd"": 1, ""inf"": 0, ""con_checks"": 0}",2026-04-21 16:10:25.743846+00,83,📣 ผู้ทรงอิทธิพลทางความคิด (The Influencer),"สื่อสาร, สร้างสรรค์, อำนาจ, ธุรกิจ, ไม่จริงจัง, พูดมาก"
b9e1874f-d52d-495c-adda-02e060b3a649,DEM-FBHBGGBAZGGGANONA,adc86386-6f47-466d-9bf8-9f78ad371ddb,Y_T-Q2-FP,นักเดินทางผู้มีสติ,The Mindful Walker,4.3,3.2,2.7,3.5,2.3,Q2,Q1,1,1,T,"{""C"": 4.5, ""H"": 10, ""J"": 11, ""T"": 13, ""W"": 7.5, ""Tr"": 9}",FP,"{""F"": 1.8, ""J"": 0.9, ""P"": 1.1, ""T"": 1}",3,6,2,1,W,Vata (วาตะ - ลม),"[{""id"": ""Y_W-Q2-FP"", ""score"": 0.48, ""name_en"": ""The Awakened Dreamer"", ""name_th"": ""นักฝันผู้ตื่นรู้"", ""image_url"": ""https://drive.google.com/thumbnail?id=1IsqN4JRxiELXawLcUttl8CM7l-0r5en3&sz=w800""}, {""id"": ""Y_C-Q2-FP"", ""score"": 0.48, ""name_en"": ""The Heartstrong Fighter"", ""name_th"": ""นักสู้หัวใจแกร่ง"", ""image_url"": ""https://drive.google.com/thumbnail?id=1Y2uBeQNrbd4mZP4VNQV7Nd-Yu2ectFPJ&sz=w800""}, {""id"": ""Y_H-Q2-FP"", ""score"": 0.48, ""name_en"": ""The Spirit Feeler"", ""name_th"": ""ผู้สัมผัสแห่งจิตวิญญาณ"", ""image_url"": ""https://drive.google.com/thumbnail?id=1XO1VQS2aGCnHXlT4-xEHS2p8CsmIFqPU&sz=w800""}]","{""id"": ""Y_Tr-Q4-TJ"", ""score"": 0.15, ""name_en"": ""The Sacred Tradition Keeper"", ""name_th"": ""ผู้รักษาประเพณีศักดิ์สิทธิ์"", ""image_url"": ""https://drive.google.com/thumbnail?id=1pvCRT4jcOcX_8XlAYVk4XI-fpAymSjPE&sz=w800""}",,,100,สูง,"{""sd"": 0, ""inf"": 0, ""con_checks"": 0}",2026-04-24 06:49:39.108389+00,96,❤️ ผู้ดูแลผู้เสียสละ (The Sacrificial Caregiver),"ดูแล, เสียสละ, ความสัมพันธ์, เป็นที่พึ่ง, กังวล, แบกภาระ"
b9f00e07-a4aa-4b00-9ce8-b2a1888d3c02,DEM-ZICCZCIACFGGANONA,520e081a-0365-4fc9-8a6d-54e4d1e2cae3,Y_T-Q4-FP,ผู้ชมสวนแห่งสมดุล,The Still Gardener,2.2,3.5,2,2.9,2.8,Q4,,1,1,T,"{""C"": 9, ""H"": 6.5, ""J"": 9, ""T"": 13.5, ""W"": 7, ""Tr"": 3}",FP,"{""F"": 1.7000000000000002, ""J"": 0.3, ""P"": 1.6, ""T"": 0.9}",3,4,2,3,W,Pitta (ปิตตะ - ไฟ),"[{""id"": ""Y_W-Q4-FP"", ""score"": 0.56, ""name_en"": ""The Grounded Dreamer"", ""name_th"": ""ผู้ฝันบนรากฐาน"", ""image_url"": ""https://drive.google.com/thumbnail?id=1gLj8lTAtzS0HZ8mJmPce9KvlYVkGjVup&sz=w800""}, {""id"": ""Y_C-Q4-FP"", ""score"": 0.56, ""name_en"": ""The Story Wanderer"", ""name_th"": ""ผู้ท่องไปในโลกแห่งเรื่องราว"", ""image_url"": ""https://drive.google.com/thumbnail?id=1ncslcS5X4R_d2e8dra5KgIElehOmSNUs&sz=w800""}, {""id"": ""Y_H-Q4-FP"", ""score"": 0.56, ""name_en"": ""The \nforest Witness"", ""name_th"": ""ผู้รับฟังแห่งพงไพร"", ""image_url"": ""https://drive.google.com/thumbnail?id=1oeHTJkOqkG8CH15uLq9ITD_aK0kOEsEc&sz=w800""}]","{""id"": ""Y_T-Q1-TP"", ""score"": 0.15, ""name_en"": ""The Balance Mediator"", ""name_th"": ""ผู้ประสานสมดุล"", ""image_url"": ""https://drive.google.com/thumbnail?id=1jOK0vZsaFGILXMcmOR4rLaI69266wTTr&sz=w800""}",,,100,สูง,"{""sd"": 0, ""inf"": 0, ""con_checks"": 0}",2026-04-16 06:18:21.385411+00,,,
bafc2173-ede1-4e2a-9681-0e0fb20a1c35,DEM-IFHZAFGCCFGGANONA,cb21c825-b98d-4722-8c31-325fa162053d,Y_H-Q3-TJ,ผู้ออกแบบชุมชน,The Community Architect,0,0.6,4,0,0,Q3,,1,1,H,"{""C"": 15, ""H"": 16.5, ""J"": 10.5, ""T"": 7.5, ""W"": 3, ""Tr"": 3.5}",TJ,"{""F"": 1, ""J"": 1.2, ""P"": 0.9, ""T"": 1.7000000000000002}",2,4,5,1,A,Pitta (ปิตตะ - ไฟ),"[{""id"": ""Y_W-Q3-TJ"", ""score"": 0.5, ""name_en"": ""The Wisdom Transmitter"", ""name_th"": ""ผู้ถ่ายทอดปัญญา"", ""image_url"": ""https://drive.google.com/thumbnail?id=13PqCnZiew0zpnwoKG-T5EEVA0MK_l7q9&sz=w800""}, {""id"": ""Y_C-Q3-TJ"", ""score"": 0.5, ""name_en"": ""The Frontline Commander"", ""name_th"": ""ผู้บัญชาการแนวหน้า"", ""image_url"": ""https://drive.google.com/thumbnail?id=19-P40P0mi1KYjCOoMq7xuV094A7CLoPE&sz=w800""}, {""id"": ""Y_J-Q3-TJ"", ""score"": 0.5, ""name_en"": ""The Fair Team Captain"", ""name_th"": ""ผู้นำผู้ทรงธรรม"", ""image_url"": ""https://drive.google.com/thumbnail?id=1zssX8UgxZQ4A3BAsmizAg5vEwCctUaGY&sz=w800""}]","{""id"": ""Y_Tr-Q2-FP"", ""score"": 0.15, ""name_en"": ""The Awakened Visionary"", ""name_th"": ""นักฝันผู้ตื่นรู้"", ""image_url"": ""https://drive.google.com/thumbnail?id=1R5gQAgIQjChls2C1Zxg4OCICNCj2uLbj&sz=w800""}",,,100,สูง,"{""sd"": 0, ""inf"": 0, ""con_checks"": 0}",2026-04-16 11:16:13.752411+00,,,
c3d7347e-c485-43fe-80df-9acb97e4852b,DEM-GGEEAHFAEFGGANONA,1967918c-0d83-4203-8fb2-59547def9c15,Y_J-Q2-FP,นักเล่าเรื่องความเท่าเทียม,The Equity Storyteller,3.2,3.6,2,3.4,3.2,Q2,Q4,0.67,1,J,"{""C"": 13.5, ""H"": 9.5, ""J"": 14, ""T"": 7.5, ""W"": 0, ""Tr"": 12}",FP,"{""F"": 1.4, ""J"": 0.5, ""P"": 1.9, ""T"": 1.3}",0,4,2,6,E,Vata (วาตะ - ลม),"[{""id"": ""Y_W-Q2-FP"", ""score"": 0.46, ""name_en"": ""The Awakened Dreamer"", ""name_th"": ""นักฝันผู้ตื่นรู้"", ""image_url"": ""https://drive.google.com/thumbnail?id=1IsqN4JRxiELXawLcUttl8CM7l-0r5en3&sz=w800""}, {""id"": ""Y_C-Q2-FP"", ""score"": 0.46, ""name_en"": ""The Heartstrong Fighter"", ""name_th"": ""นักสู้หัวใจแกร่ง"", ""image_url"": ""https://drive.google.com/thumbnail?id=1Y2uBeQNrbd4mZP4VNQV7Nd-Yu2ectFPJ&sz=w800""}, {""id"": ""Y_H-Q2-FP"", ""score"": 0.46, ""name_en"": ""The Spirit Feeler"", ""name_th"": ""ผู้สัมผัสแห่งจิตวิญญาณ"", ""image_url"": ""https://drive.google.com/thumbnail?id=1XO1VQS2aGCnHXlT4-xEHS2p8CsmIFqPU&sz=w800""}]","{""id"": ""Y_Tr-Q3-TJ"", ""score"": 0.15, ""name_en"": ""The Spirit Connector"", ""name_th"": ""ผู้เชื่อมจิตวิญญาณ"", ""image_url"": ""https://drive.google.com/thumbnail?id=1yfhlddWLEnGYWmpDCLSdgXr_yxRIK4fV&sz=w800""}",,,100,สูง,"{""sd"": 0, ""inf"": 0, ""con_checks"": 0}",2026-04-18 13:03:36.324726+00,86,❤️ ผู้ดูแลผู้ทรงอิทธิพล (The Influential Caregiver),"ดูแล, ทรงอิทธิพล, ความสัมพันธ์, เป็นที่พึ่ง, กังวล, แบกภาระ"
c9a87697-73ea-4b70-9bdd-3237aef4fd8b,DEM-AHDCBFHZDFGGANONA,15dd36e9-b9ac-4463-8faf-65ae026d1f55,Y_Tr-Q4-FP,ผู้รับสารแห่งความเงียบ,The Silent Receiver,2.8,3.5,1.4,2.5,2.7,Q4,Q2,0.67,1,Tr,"{""C"": 6, ""H"": 9, ""J"": 4.5, ""T"": 9, ""W"": 7.5, ""Tr"": 10.5}",FP,"{""F"": 2.4, ""J"": 0, ""P"": 2.1999999999999997, ""T"": 0}",2,6,2,2,W,Pitta (ปิตตะ - ไฟ),"[{""id"": ""Y_W-Q4-FP"", ""score"": 0.51, ""name_en"": ""The Grounded Dreamer"", ""name_th"": ""ผู้ฝันบนรากฐาน"", ""image_url"": ""https://drive.google.com/thumbnail?id=1gLj8lTAtzS0HZ8mJmPce9KvlYVkGjVup&sz=w800""}, {""id"": ""Y_C-Q4-FP"", ""score"": 0.51, ""name_en"": ""The Story Wanderer"", ""name_th"": ""ผู้ท่องไปในโลกแห่งเรื่องราว"", ""image_url"": ""https://drive.google.com/thumbnail?id=1ncslcS5X4R_d2e8dra5KgIElehOmSNUs&sz=w800""}, {""id"": ""Y_H-Q4-FP"", ""score"": 0.51, ""name_en"": ""The \nforest Witness"", ""name_th"": ""ผู้รับฟังแห่งพงไพร"", ""image_url"": ""https://drive.google.com/thumbnail?id=1oeHTJkOqkG8CH15uLq9ITD_aK0kOEsEc&sz=w800""}]","{""id"": ""Y_T-Q1-TJ"", ""score"": 0.15, ""name_en"": ""The Arena Referee"", ""name_th"": ""กรรมการสนาม"", ""image_url"": ""https://drive.google.com/thumbnail?id=1YE62YuG_kkSewaa-R15r2-mFTBkvurKS&sz=w800""}",,,100,สูง,"{""sd"": 0, ""inf"": 0, ""con_checks"": 0}",2026-04-17 07:00:43.620744+00,,,
ce31be4d-19bc-46f0-ac8c-1a4558b524d6,DEM-IBAZGAEBAGGGANONA,9dd36039-db19-41ab-947c-3d9b8abec820,Y_C-Q4-TP,ผู้ทดสอบระบบป้องกัน,The Defense Tester,2.9,3.3,1,2.8,2.8,Q4,Q2,0.33,1,C,"{""C"": 15, ""H"": 6, ""J"": 12.5, ""T"": 8, ""W"": 6.5, ""Tr"": 4.5}",TP,"{""F"": 1.1, ""J"": 0, ""P"": 2, ""T"": 1.4}",4,6,1,1,W,Pitta (ปิตตะ - ไฟ),"[{""id"": ""Y_W-Q4-TP"", ""score"": 0.47, ""name_en"": ""The Knowledge Tester"", ""name_th"": ""นักทดลองผู้ทรงภูมิ"", ""image_url"": ""https://drive.google.com/thumbnail?id=15AYwHPseoJ3tEQeJvrlffn5u56hfEhQj&sz=w800""}, {""id"": ""Y_H-Q4-TP"", ""score"": 0.47, ""name_en"": ""The Empathic Helper"", ""name_th"": ""ผู้ช่วยเหลือผู้มีความเข้าใจ"", ""image_url"": ""https://drive.google.com/thumbnail?id=1WU5jv5ntUvxzzSnw985rpOFS3GnYG0EF&sz=w800""}, {""id"": ""Y_J-Q4-TP"", ""score"": 0.47, ""name_en"": ""The Justice Investigator"", ""name_th"": ""นักสืบแห่งความยุติธรรม"", ""image_url"": ""https://drive.google.com/thumbnail?id=1F9iC8n2SB0QHUiPy9xsItMQpVMQTZ-2k&sz=w800""}]","{""id"": ""Y_Tr-Q1-FJ"", ""score"": 0.15, ""name_en"": ""The Spirit Leader"", ""name_th"": ""ผู้นำทางจิตวิญญาณ"", ""image_url"": ""https://drive.google.com/thumbnail?id=1gv2jSkmQoWCudp8Bhi-kUOpMknsu8m2E&sz=w800""}",,,100,สูง,"{""sd"": 0, ""inf"": 0, ""con_checks"": 0}",2026-04-25 13:59:01.749716+00,83,📣 ผู้ทรงอิทธิพลทางความคิด (The Influencer),"สื่อสาร, สร้างสรรค์, อำนาจ, ธุรกิจ, ไม่จริงจัง, พูดมาก"
ce983da0-4319-40ef-9253-46bffd2acaa6,DEM-CDAGHBIACFGGANONA,07cdf203-ec5c-4479-8074-9ad9d97554d6,Y_T-Q2-TJ,ปราชญ์ผู้สงบ,The Still Sage,3.3,3.2,1.8,3.1,2.5,Q2,Q4,1,1,T,"{""C"": 3, ""H"": 0, ""J"": 9, ""T"": 20, ""W"": 3, ""Tr"": 11}",TJ,"{""F"": 1.3, ""J"": 1.4, ""P"": 0.8, ""T"": 1.4}",4,6,0,2,W,Pitta (ปิตตะ - ไฟ),"[{""id"": ""Y_W-Q2-TJ"", ""score"": 0.46, ""name_en"": ""The Deep Analyst"", ""name_th"": ""นักวิเคราะห์แห่งความลึกล้ำล้ำ"", ""image_url"": ""https://drive.google.com/thumbnail?id=1elgim50F8r2GfGRningpg7GKSnSZGqtJ&sz=w800""}, {""id"": ""Y_C-Q2-TJ"", ""score"": 0.46, ""name_en"": ""The Truth Seeker"", ""name_th"": ""นักสืบแห่งความจริงแท้"", ""image_url"": ""https://drive.google.com/thumbnail?id=1Y7YUyLj6rs4WtGAhb1St4scaABk55RXF&sz=w800""}, {""id"": ""Y_H-Q2-TJ"", ""score"": 0.46, ""name_en"": ""The Still Psychologist"", ""name_th"": ""นักจิตวิทยาผู้มั่นคง"", ""image_url"": ""https://drive.google.com/thumbnail?id=1h16AcKYjKKWGpQEsVK1wXsuFtz0n8paj&sz=w800""}]","{""id"": ""Y_Tr-Q3-FP"", ""score"": 0.15, ""name_en"": ""The Roaming Ritualist"", ""name_th"": ""นักประกอบพิธีกรรมพเนจร"", ""image_url"": ""https://drive.google.com/thumbnail?id=1Q2PhefdgrCCt_Sv9P-QWjPZEJoKEiHxF&sz=w800""}",,,90,สูง,"{""sd"": 1, ""inf"": 0, ""con_checks"": 0}",2026-04-16 06:16:42.74409+00,,,
d2511165-c913-4926-bfb6-2608e9c7dce5,DEM-IFHZAFGCCFGGANONA,cb21c825-b98d-4722-8c31-325fa162053d,Y_H-Q3-TJ,ผู้ออกแบบชุมชน,The Community Architect,0,0.6,4,0,0,Q3,,1,1,H,"{""C"": 15, ""H"": 16.5, ""J"": 10.5, ""T"": 7.5, ""W"": 3, ""Tr"": 3.5}",TJ,"{""F"": 1, ""J"": 1.2, ""P"": 0.9, ""T"": 1.7000000000000002}",0,0,0,0,F,Pitta (ปิตตะ - ไฟ),"[{""id"": ""Y_W-Q3-TJ"", ""score"": 0.5, ""name_en"": ""The Wisdom Transmitter"", ""name_th"": ""ผู้ถ่ายทอดปัญญา"", ""image_url"": ""https://drive.google.com/thumbnail?id=13PqCnZiew0zpnwoKG-T5EEVA0MK_l7q9&sz=w800""}, {""id"": ""Y_C-Q3-TJ"", ""score"": 0.5, ""name_en"": ""The Frontline Commander"", ""name_th"": ""ผู้บัญชาการแนวหน้า"", ""image_url"": ""https://drive.google.com/thumbnail?id=19-P40P0mi1KYjCOoMq7xuV094A7CLoPE&sz=w800""}, {""id"": ""Y_J-Q3-TJ"", ""score"": 0.5, ""name_en"": ""The Fair Team Captain"", ""name_th"": ""ผู้นำผู้ทรงธรรม"", ""image_url"": ""https://drive.google.com/thumbnail?id=1zssX8UgxZQ4A3BAsmizAg5vEwCctUaGY&sz=w800""}]","{""id"": ""Y_Tr-Q2-FP"", ""score"": 0.15, ""name_en"": ""The Awakened Visionary"", ""name_th"": ""นักฝันผู้ตื่นรู้"", ""image_url"": ""https://drive.google.com/thumbnail?id=1R5gQAgIQjChls2C1Zxg4OCICNCj2uLbj&sz=w800""}",,,100,สูง,"{""sd"": 0, ""inf"": 0, ""con_checks"": 0}",2026-04-16 11:14:24.616034+00,,,
d5daa436-6181-480f-8985-46fecc8c8ed7,DEM-BBGBIGICZGGGANONA,24164df8-dad7-4357-b0f8-cf59ee0c2915,Y_J-Q4-TJ,ผู้รักษามาตรฐาน,The Standard Keeper,2.9,3.1,2.5,3.5,3,Q4,Q2,0.33,1,J,"{""C"": 10.5, ""H"": 7.5, ""J"": 12.5, ""T"": 11, ""W"": 8, ""Tr"": 9}",TJ,"{""F"": 1, ""J"": 1.4, ""P"": 0.8, ""T"": 1.8}",3,7,1,1,W,Pitta (ปิตตะ - ไฟ),"[{""id"": ""Y_W-Q4-TJ"", ""score"": 0.51, ""name_en"": ""The Knowledge Architect"", ""name_th"": ""สถาปนิกแห่งความรู้"", ""image_url"": ""https://drive.google.com/thumbnail?id=1p9ZlBQa-dbGWVCtETt89lXzSBp4wz1Ik&sz=w800""}, {""id"": ""Y_C-Q4-TJ"", ""score"": 0.51, ""name_en"": ""The Steadfast Pillar"", ""name_th"": ""เสาหลักแห่งความมั่นคง"", ""image_url"": ""https://drive.google.com/thumbnail?id=1KLhNXnMLVqoTPV6xed2Ai7-lXvOl8pEd&sz=w800""}, {""id"": ""Y_H-Q4-TJ"", ""score"": 0.51, ""name_en"": ""The Master Caretaker"", ""name_th"": ""นักดูแลผู้เชี่ยวชาญ"", ""image_url"": ""https://drive.google.com/thumbnail?id=1On4EUZ_mYGwXVNNfHEOxl1N1Zv5FW1II&sz=w800""}]","{""id"": ""Y_Tr-Q1-FP"", ""score"": 0.15, ""name_en"": ""The Cosmic Dreamer"", ""name_th"": ""นักฝันแห่งจักรวาล"", ""image_url"": ""https://drive.google.com/thumbnail?id=1UN4B902RcYUfe41bHW2V3EfsgZymHHA-&sz=w800""}",,,90,สูง,"{""sd"": 1, ""inf"": 0, ""con_checks"": 0}",2026-04-24 14:16:49.289699+00,83,📣 ผู้ทรงอิทธิพลทางความคิด (The Influencer),"สื่อสาร, สร้างสรรค์, อำนาจ, ธุรกิจ, ไม่จริงจัง, พูดมาก"
d600708d-29a6-4630-b475-05c70d74fbb8,DEM-ACCEGGCIDFGGANONA,21122bb1-d70f-4e7d-b75a-f0a8f19ba73b,Y_H-Q2-FP,ผู้สัมผัสแห่งจิตวิญญาณ,The Spirit Feeler,3.9,3,2.9,3.2,2.1,Q2,Q1,1,0.33,H,"{""C"": 0, ""H"": 18.5, ""J"": 3.5, ""T"": 15.5, ""W"": 0, ""Tr"": 6.5}",FP,"{""F"": 1.5, ""J"": 0.7, ""P"": 1.4, ""T"": 1.2000000000000002}",1,8,2,1,W,Vata (วาตะ - ลม),"[{""id"": ""Y_W-Q2-FP"", ""score"": 0.48, ""name_en"": ""The Awakened Dreamer"", ""name_th"": ""นักฝันผู้ตื่นรู้"", ""image_url"": ""https://drive.google.com/thumbnail?id=1IsqN4JRxiELXawLcUttl8CM7l-0r5en3&sz=w800""}, {""id"": ""Y_C-Q2-FP"", ""score"": 0.48, ""name_en"": ""The Heartstrong Fighter"", ""name_th"": ""นักสู้หัวใจแกร่ง"", ""image_url"": ""https://drive.google.com/thumbnail?id=1Y2uBeQNrbd4mZP4VNQV7Nd-Yu2ectFPJ&sz=w800""}, {""id"": ""Y_J-Q2-FP"", ""score"": 0.48, ""name_en"": ""The Equity Storyteller"", ""name_th"": ""นักเล่าเรื่องความเท่าเทียม"", ""image_url"": ""https://drive.google.com/thumbnail?id=13cgYLiTFqaYI0sqcfwofP67tqxU754BW&sz=w800""}]","{""id"": ""Y_Tr-Q4-TJ"", ""score"": 0.15, ""name_en"": ""The Sacred Tradition Keeper"", ""name_th"": ""ผู้รักษาประเพณีศักดิ์สิทธิ์"", ""image_url"": ""https://drive.google.com/thumbnail?id=1pvCRT4jcOcX_8XlAYVk4XI-fpAymSjPE&sz=w800""}",,,100,สูง,"{""sd"": 0, ""inf"": 0, ""con_checks"": 0}",2026-04-18 06:42:45.914152+00,77,🦉 ปราชญ์ผู้หยั่งรู้ (The Oracle Sage),"ปัญญาสูงส่ง, วิเคราะห์เชิงลึก, จิตวิญญาณ, ตื่นรู้, เก็บตัว, โดดเดี่ยว"
d94d2423-60f2-43e4-a85c-a90bc0eab6e3,DEM-ZDECDZFBDFGGANONA,0df179dd-01fa-4f81-b238-9043e53e5771,Y_T-Q4-TP,ผู้ฝึกตนผู้เคร่งครัด,The Disciplined Experimenter,2.9,3.3,2.6,3.7,3,Q4,Q2,0.33,1,T,"{""C"": 13.5, ""H"": 3, ""J"": 12.5, ""T"": 14, ""W"": 8, ""Tr"": 4.5}",TP,"{""F"": 1, ""J"": 0.9, ""P"": 1.3, ""T"": 1.8}",3,7,1,1,W,Vata (วาตะ - ลม),"[{""id"": ""Y_W-Q4-TP"", ""score"": 0.47, ""name_en"": ""The Knowledge Tester"", ""name_th"": ""นักทดลองผู้ทรงภูมิ"", ""image_url"": ""https://drive.google.com/thumbnail?id=15AYwHPseoJ3tEQeJvrlffn5u56hfEhQj&sz=w800""}, {""id"": ""Y_C-Q4-TP"", ""score"": 0.47, ""name_en"": ""The Wall Scout"", ""name_th"": ""นักสำรวจกำแพง"", ""image_url"": ""https://drive.google.com/thumbnail?id=1FMSet8Jxsh02c7E2SfGzWXNT3S13OctP&sz=w800""}, {""id"": ""Y_H-Q4-TP"", ""score"": 0.47, ""name_en"": ""The Empathic Helper"", ""name_th"": ""ผู้ช่วยเหลือผู้มีความเข้าใจ"", ""image_url"": ""https://drive.google.com/thumbnail?id=1WU5jv5ntUvxzzSnw985rpOFS3GnYG0EF&sz=w800""}]","{""id"": ""Y_Tr-Q1-FJ"", ""score"": 0.15, ""name_en"": ""The Spirit Leader"", ""name_th"": ""ผู้นำทางจิตวิญญาณ"", ""image_url"": ""https://drive.google.com/thumbnail?id=1gv2jSkmQoWCudp8Bhi-kUOpMknsu8m2E&sz=w800""}",,,90,สูง,"{""sd"": 1, ""inf"": 0, ""con_checks"": 0}",2026-04-17 11:47:37.135942+00,83,📣 ผู้ทรงอิทธิพลทางความคิด (The Influencer),"สื่อสาร, สร้างสรรค์, อำนาจ, ธุรกิจ, ไม่จริงจัง, พูดมาก"
db11c26f-a800-469e-bd73-332fa62256d8,DEM-EFHFFIHFGFGGANONA,c7087c3c-bc11-4a63-9004-fdb2ac8137a7,Y_J-Q4-FJ,ผู้บัญญัติกฎ,The Law Keeper,0,2.7,0,0.5,3.5,Q4,,1,1,J,"{""C"": 0, ""H"": 11, ""J"": 13.5, ""T"": 10.5, ""W"": 4.5, ""Tr"": 0}",FJ,"{""F"": 1.1, ""J"": 2.7, ""P"": 0, ""T"": 0.5}",0,0,0,0,F,Vata (วาตะ - ลม),"[{""id"": ""Y_T-Q4-FJ"", ""score"": 0.56, ""name_en"": ""The Group Peace Keeper"", ""name_th"": ""ผู้รักษาสันติ"", ""image_url"": ""https://drive.google.com/thumbnail?id=1ISmMpEskw136sAcGfD0kWL-ct4T4e6WO&sz=w800""}, {""id"": ""Y_W-Q4-FJ"", ""score"": 0.56, ""name_en"": ""The Library Guardian"", ""name_th"": ""ผู้พิทักษ์ห้องสมุด"", ""image_url"": ""https://drive.google.com/thumbnail?id=1Wh7e2FGgF4A-Xe6v-eMcc2cSjtGplNP0&sz=w800""}, {""id"": ""Y_C-Q4-FJ"", ""score"": 0.56, ""name_en"": ""The Gate Keeper"", ""name_th"": ""ผู้พิทักษ์ประตู"", ""image_url"": ""https://drive.google.com/thumbnail?id=1Q6jTMBjLsAXr-aYnIQgl_UeUHtDPSCvc&sz=w800""}]","{""id"": ""Y_T-Q1-TP"", ""score"": 0.15, ""name_en"": ""The Balance Mediator"", ""name_th"": ""ผู้ประสานสมดุล"", ""image_url"": ""https://drive.google.com/thumbnail?id=1jOK0vZsaFGILXMcmOR4rLaI69266wTTr&sz=w800""}",,,100,สูง,"{""sd"": 0, ""inf"": 0, ""con_checks"": 0}",2026-04-21 11:23:51.121474+00,9,🔮 ผู้มีญาณทิพย์ (The Clairvoyant),"สัญชาตญาณ, สิ่งศักดิ์สิทธิ์, เรื่องลี้ลับ, โชคลาภ, จิตวิญญาณ, การคุ้มครอง"
decaf6ea-b3e0-4fc0-a5e2-c268469f5fb2,DEM-IHIIDCAECFGGANONA,f64ecd21-888c-4e33-b65d-d90c6bac0329,Y_W-Q2-TP,นักทดลองไอเดีย,The Idea Experimenter,3.4,3.1,2.9,3.1,3.1,Q2,Q1,1,0.33,W,"{""C"": 7.5, ""H"": 6.5, ""J"": 0, ""T"": 14, ""W"": 16.5, ""Tr"": 7.5}",TP,"{""F"": 0.9, ""J"": 0.4, ""P"": 1.6, ""T"": 1.7000000000000002}",4,7,0,1,W,Vata (วาตะ - ลม),"[{""id"": ""Y_C-Q2-TP"", ""score"": 0.44, ""name_en"": ""The Limit Tester"", ""name_th"": ""นักทดสอบขีดจำกัด"", ""image_url"": ""https://drive.google.com/thumbnail?id=1j-rZwH1yZphDy3DNToFHKHzB45_zJUKk&sz=w800""}, {""id"": ""Y_H-Q2-TP"", ""score"": 0.44, ""name_en"": ""The Soul Listener"", ""name_th"": ""ผู้รับฟังแห่งจิตวิญญาณ"", ""image_url"": ""https://drive.google.com/thumbnail?id=1BzELsMHq61zINm2wZvBK3yx4YnO3WNSo&sz=w800""}, {""id"": ""Y_J-Q2-TP"", ""score"": 0.44, ""name_en"": ""The System Questioner"", ""name_th"": ""ผู้ตั้งคำถามต่อระบบ"", ""image_url"": ""https://drive.google.com/thumbnail?id=140OH6LfslALCRZKHjvClc-nfoWsPHLOj&sz=w800""}]","{""id"": ""Y_Tr-Q3-FJ"", ""score"": 0.15, ""name_en"": ""The Beauty Unifier"", ""name_th"": ""ผู้รวมใจด้วยศาสตร์แห่งศิลป์"", ""image_url"": ""https://drive.google.com/thumbnail?id=1jwTW9nt2AqsWHptwjCRhlm0GGTOZhY3T&sz=w800""}",,,70,ปานกลาง,"{""sd"": 0, ""inf"": 1, ""con_checks"": 0}",2026-04-16 15:00:09.026592+00,,,
e02f18df-7cb0-4feb-9b0a-4026a58741ad,DEM-DZBHGFABCFGGANONA,5eb52e2d-2229-4cd1-8598-99d9c7b05b66,Y_C-Q4-TP,นักสำรวจกำแพง,The Wall Scout,2.5,3.4,2.8,3,2,Q4,Q3,1,0.67,C,"{""C"": 6, ""H"": 6, ""J"": 4.5, ""T"": 4.5, ""W"": 3, ""Tr"": 3.5}",TP,"{""F"": 0, ""J"": 0.5, ""P"": 0.9, ""T"": 0.9}",3,6,1,2,W,Kapha (กผะ - ดิน/น้ำ),"[{""id"": ""Y_W-Q4-TP"", ""score"": 0.48, ""name_en"": ""The Knowledge Tester"", ""name_th"": ""นักทดลองผู้ทรงภูมิ"", ""image_url"": ""https://drive.google.com/thumbnail?id=15AYwHPseoJ3tEQeJvrlffn5u56hfEhQj&sz=w800""}, {""id"": ""Y_H-Q4-TP"", ""score"": 0.48, ""name_en"": ""The Empathic Helper"", ""name_th"": ""ผู้ช่วยเหลือผู้มีความเข้าใจ"", ""image_url"": ""https://drive.google.com/thumbnail?id=1WU5jv5ntUvxzzSnw985rpOFS3GnYG0EF&sz=w800""}, {""id"": ""Y_J-Q4-TP"", ""score"": 0.48, ""name_en"": ""The Justice Investigator"", ""name_th"": ""นักสืบแห่งความยุติธรรม"", ""image_url"": ""https://drive.google.com/thumbnail?id=1F9iC8n2SB0QHUiPy9xsItMQpVMQTZ-2k&sz=w800""}]","{""id"": ""Y_Tr-Q1-FJ"", ""score"": 0.15, ""name_en"": ""The Spirit Leader"", ""name_th"": ""ผู้นำทางจิตวิญญาณ"", ""image_url"": ""https://drive.google.com/thumbnail?id=1gv2jSkmQoWCudp8Bhi-kUOpMknsu8m2E&sz=w800""}",,,90,สูง,"{""sd"": 1, ""inf"": 0, ""con_checks"": 0}",2026-04-16 06:46:41.348362+00,,,
e06d5d4e-09ac-45e2-b6b4-c41eeead4fd9,DEM-EFHFFIHFGFGGANONA,c7087c3c-bc11-4a63-9004-fdb2ac8137a7,Y_J-Q4-FJ,ผู้บัญญัติกฎ,The Law Keeper,0,2.7,0,0.5,3.5,Q4,,1,1,J,"{""C"": 0, ""H"": 11, ""J"": 13.5, ""T"": 10.5, ""W"": 4.5, ""Tr"": 0}",FJ,"{""F"": 1.1, ""J"": 2.7, ""P"": 0, ""T"": 0.5}",0,4,3,5,E,Vata (วาตะ - ลม),"[{""id"": ""Y_T-Q4-FJ"", ""score"": 0.56, ""name_en"": ""The Group Peace Keeper"", ""name_th"": ""ผู้รักษาสันติ"", ""image_url"": ""https://drive.google.com/thumbnail?id=1ISmMpEskw136sAcGfD0kWL-ct4T4e6WO&sz=w800""}, {""id"": ""Y_W-Q4-FJ"", ""score"": 0.56, ""name_en"": ""The Library Guardian"", ""name_th"": ""ผู้พิทักษ์ห้องสมุด"", ""image_url"": ""https://drive.google.com/thumbnail?id=1Wh7e2FGgF4A-Xe6v-eMcc2cSjtGplNP0&sz=w800""}, {""id"": ""Y_C-Q4-FJ"", ""score"": 0.56, ""name_en"": ""The Gate Keeper"", ""name_th"": ""ผู้พิทักษ์ประตู"", ""image_url"": ""https://drive.google.com/thumbnail?id=1Q6jTMBjLsAXr-aYnIQgl_UeUHtDPSCvc&sz=w800""}]","{""id"": ""Y_T-Q1-TP"", ""score"": 0.15, ""name_en"": ""The Balance Mediator"", ""name_th"": ""ผู้ประสานสมดุล"", ""image_url"": ""https://drive.google.com/thumbnail?id=1jOK0vZsaFGILXMcmOR4rLaI69266wTTr&sz=w800""}",,,100,สูง,"{""sd"": 0, ""inf"": 0, ""con_checks"": 0}",2026-04-21 11:38:39.387486+00,9,🔮 ผู้มีญาณทิพย์ (The Clairvoyant),"สัญชาตญาณ, สิ่งศักดิ์สิทธิ์, เรื่องลี้ลับ, โชคลาภ, จิตวิญญาณ, การคุ้มครอง"
e2defa3d-7f59-4fb6-bc21-b225b90323d7,DEM-DBCHDDZGBFGGANONA,95fc0dd7-ac1f-408e-b172-cb24382cddcb,Y_T-Q2-TP,ผู้ฝึกตน,The Self Cultivator,3.7,3.2,2.3,2.8,2.4,Q2,,1,1,T,"{""C"": 10.5, ""H"": 12, ""J"": 3.5, ""T"": 16.5, ""W"": 0, ""Tr"": 4.5}",TP,"{""F"": 0.9, ""J"": 1, ""P"": 1.2, ""T"": 0.9}",2,3,2,5,E,Vata (วาตะ - ลม),"[{""id"": ""Y_W-Q2-TP"", ""score"": 0.46, ""name_en"": ""The Idea Experimenter"", ""name_th"": ""นักทดลองไอเดีย"", ""image_url"": ""https://drive.google.com/thumbnail?id=1mlXpt7r24Axh_0bUbuSPRL6rl06W1sy-&sz=w800""}, {""id"": ""Y_C-Q2-TP"", ""score"": 0.46, ""name_en"": ""The Limit Tester"", ""name_th"": ""นักทดสอบขีดจำกัด"", ""image_url"": ""https://drive.google.com/thumbnail?id=1j-rZwH1yZphDy3DNToFHKHzB45_zJUKk&sz=w800""}, {""id"": ""Y_H-Q2-TP"", ""score"": 0.46, ""name_en"": ""The Soul Listener"", ""name_th"": ""ผู้รับฟังแห่งจิตวิญญาณ"", ""image_url"": ""https://drive.google.com/thumbnail?id=1BzELsMHq61zINm2wZvBK3yx4YnO3WNSo&sz=w800""}]","{""id"": ""Y_Tr-Q3-FJ"", ""score"": 0.15, ""name_en"": ""The Beauty Unifier"", ""name_th"": ""ผู้รวมใจด้วยศาสตร์แห่งศิลป์"", ""image_url"": ""https://drive.google.com/thumbnail?id=1jwTW9nt2AqsWHptwjCRhlm0GGTOZhY3T&sz=w800""}",,,90,สูง,"{""sd"": 1, ""inf"": 0, ""con_checks"": 0}",2026-04-15 16:51:42.530747+00,,,
e687c90f-436c-44bd-a4af-03364801fc3e,DEM-ECGIHDFIAGGGANONA,082e59bc-f585-47d7-aa99-dac2c67c46cd,Y_H-Q2-FP,ผู้สัมผัสแห่งจิตวิญญาณ,The Spirit Feeler,3.3,3,2.8,3.2,2.7,Q2,Q1,1,0.67,H,"{""C"": 7.5, ""H"": 15.5, ""J"": 12.5, ""T"": 12, ""W"": 3, ""Tr"": 4.5}",FP,"{""F"": 1.3, ""J"": 1, ""P"": 1.2, ""T"": 0.5}",0,3,7,2,A,Vata (วาตะ - ลม),"[{""id"": ""Y_W-Q2-FP"", ""score"": 0.48, ""name_en"": ""The Awakened Dreamer"", ""name_th"": ""นักฝันผู้ตื่นรู้"", ""image_url"": ""https://drive.google.com/thumbnail?id=1IsqN4JRxiELXawLcUttl8CM7l-0r5en3&sz=w800""}, {""id"": ""Y_C-Q2-FP"", ""score"": 0.48, ""name_en"": ""The Heartstrong Fighter"", ""name_th"": ""นักสู้หัวใจแกร่ง"", ""image_url"": ""https://drive.google.com/thumbnail?id=1NUZnvQOY4k0Nh8Zq8vC_cmxjkTfSHIIQ&sz=w800""}, {""id"": ""Y_J-Q2-FP"", ""score"": 0.48, ""name_en"": ""The Equity Storyteller"", ""name_th"": ""นักเล่าเรื่องความเท่าเทียม"", ""image_url"": ""https://drive.google.com/thumbnail?id=13cgYLiTFเจ้าหน้าที่ประกันคุณภาพYI0sqcfwofP67tqxU754BW&sz=w800""}]","{""id"": ""Y_Tr-Q4-TJ"", ""score"": 0.15, ""name_en"": ""The Sacred Tradition Keeper"", ""name_th"": ""ผู้รักษาประเพณีศักดิ์สิทธิ์"", ""image_url"": ""https://drive.google.com/thumbnail?id=1pvCRT4jcOcX_8XlAYVk4XI-fpAymSjPE&sz=w800""}",,,90,สูง,"{""sd"": 1, ""inf"": 0, ""con_checks"": 0}",2026-04-26 10:00:45.951281+00,72,🔬 นักวิเคราะห์ความสัมพันธ์ (The Relational Analyst),"ความร่วมมือ, วิเคราะห์, สมดุล, ปรับตัว, ลังเล, ขาดความมั่นใจ"
e698a055-4ba5-4296-9b26-6ae887c1dbe3,DEM-EGBGGBDCCFGGANONA,0a4d1fb5-5665-4ee3-9849-c24a5838edf5,Y_H-Q4-FJ,ศูนย์กลางชุมชน,The Community Anchor,2.9,3.3,2.6,3.2,3,Q4,Q2,0.33,1,H,"{""C"": 6, ""H"": 13.5, ""J"": 10, ""T"": 12.5, ""W"": 3, ""Tr"": 7.5}",FJ,"{""F"": 1, ""J"": 1.8, ""P"": 0.7, ""T"": 0.8}",2,7,1,2,W,Pitta (ปิตตะ - ไฟ),"[{""id"": ""Y_T-Q4-FJ"", ""score"": 0.51, ""name_en"": ""The Group Peace Keeper"", ""name_th"": ""ผู้รักษาสันติ"", ""image_url"": ""https://drive.google.com/thumbnail?id=1ISmMpEskw136sAcGfD0kWL-ct4T4e6WO&sz=w800""}, {""id"": ""Y_W-Q4-FJ"", ""score"": 0.51, ""name_en"": ""The Library Guardian"", ""name_th"": ""ผู้พิทักษ์ห้องสมุด"", ""image_url"": ""https://drive.google.com/thumbnail?id=1Wh7e2FGgF4A-Xe6v-eMcc2cSjtGplNP0&sz=w800""}, {""id"": ""Y_C-Q4-FJ"", ""score"": 0.51, ""name_en"": ""The Gate Keeper"", ""name_th"": ""ผู้พิทักษ์ประตู"", ""image_url"": ""https://drive.google.com/thumbnail?id=1Q6jTMBjLsAXr-aYnIQgl_UeUHtDPSCvc&sz=w800""}]","{""id"": ""Y_T-Q1-TP"", ""score"": 0.15, ""name_en"": ""The Balance Mediator"", ""name_th"": ""ผู้ประสานสมดุล"", ""image_url"": ""https://drive.google.com/thumbnail?id=1jOK0vZsaFGILXMcmOR4rLaI69266wTTr&sz=w800""}",,,100,สูง,"{""sd"": 0, ""inf"": 0, ""con_checks"": 0}",2026-04-16 10:24:35.357785+00,,,
efa0dfbb-edd2-43bd-995e-1217f05f43e1,DEM-EEHCBCZECFGGANONA,5e69b486-eeab-41ef-b36a-85f7dc0d3327,Y_W-Q2-TP,นักทดลองไอเดีย,The Idea Experimenter,3.4,3.1,2.9,3.1,3.1,Q2,Q1,1,0.33,W,"{""C"": 10.5, ""H"": 6.5, ""J"": 0, ""T"": 14, ""W"": 20, ""Tr"": 4.5}",TP,"{""F"": 0.9, ""J"": 0.4, ""P"": 1.6, ""T"": 1.7000000000000002}",4,7,0,1,W,Vata (วาตะ - ลม),"[{""id"": ""Y_C-Q2-TP"", ""score"": 0.44, ""name_en"": ""The Limit Tester"", ""name_th"": ""นักทดสอบขีดจำกัด"", ""image_url"": ""https://drive.google.com/thumbnail?id=1j-rZwH1yZphDy3DNToFHKHzB45_zJUKk&sz=w800""}, {""id"": ""Y_H-Q2-TP"", ""score"": 0.44, ""name_en"": ""The Soul Listener"", ""name_th"": ""ผู้รับฟังแห่งจิตวิญญาณ"", ""image_url"": ""https://drive.google.com/thumbnail?id=1BzELsMHq61zINm2wZvBK3yx4YnO3WNSo&sz=w800""}, {""id"": ""Y_J-Q2-TP"", ""score"": 0.44, ""name_en"": ""The System Questioner"", ""name_th"": ""ผู้ตั้งคำถามต่อระบบ"", ""image_url"": ""https://drive.google.com/thumbnail?id=140OH6LfslALCRZKHjvClc-nfoWsPHLOj&sz=w800""}]","{""id"": ""Y_Tr-Q3-FJ"", ""score"": 0.15, ""name_en"": ""The Beauty Unifier"", ""name_th"": ""ผู้รวมใจด้วยศาสตร์แห่งศิลป์"", ""image_url"": ""https://drive.google.com/thumbnail?id=1jwTW9nt2AqsWHptwjCRhlm0GGTOZhY3T&sz=w800""}",,,100,สูง,"{""sd"": 0, ""inf"": 0, ""con_checks"": 0}",2026-04-16 14:50:49.313566+00,,,
f82097aa-7919-4c1c-9c7e-87d7e635c90f,DEM-ZZIZHZDBCFGGANONA,7f4b7a04-4a9a-43ab-88f2-0e9bd7634fbd,Y_T-Q4-TJ,ผู้เข้มงวดทางจิตใจ,The Mind Disciplinarian,1.7,3.6,2.3,3,2.9,Q4,,1,1,T,"{""C"": 3, ""H"": 14, ""J"": 4.5, ""T"": 16.5, ""W"": 0, ""Tr"": 4.5}",TJ,"{""F"": 0.8, ""J"": 1.2, ""P"": 0.9, ""T"": 1.8}",1,6,1,4,W,Pitta (ปิตตะ - ไฟ),"[{""id"": ""Y_W-Q4-TJ"", ""score"": 0.56, ""name_en"": ""The Knowledge Architect"", ""name_th"": ""สถาปนิกแห่งความรู้"", ""image_url"": ""https://drive.google.com/thumbnail?id=1p9ZlBQa-dbGWVCtETt89lXzSBp4wz1Ik&sz=w800""}, {""id"": ""Y_C-Q4-TJ"", ""score"": 0.56, ""name_en"": ""The Steadfast Pillar"", ""name_th"": ""เสาหลักแห่งความมั่นคง"", ""image_url"": ""https://drive.google.com/thumbnail?id=1KLhNXnMLVqoTPV6xed2Ai7-lXvOl8pEd&sz=w800""}, {""id"": ""Y_H-Q4-TJ"", ""score"": 0.56, ""name_en"": ""The Master Caretaker"", ""name_th"": ""นักดูแลผู้เชี่ยวชาญ"", ""image_url"": ""https://drive.google.com/thumbnail?id=1On4EUZ_mYGwXVNNfHEOxl1N1Zv5FW1II&sz=w800""}]","{""id"": ""Y_T-Q1-TP"", ""score"": 0.15, ""name_en"": ""The Balance Mediator"", ""name_th"": ""ผู้ประสานสมดุล"", ""image_url"": ""https://drive.google.com/thumbnail?id=1jOK0vZsaFGILXMcmOR4rLaI69266wTTr&sz=w800""}",,,100,สูง,"{""sd"": 0, ""inf"": 0, ""con_checks"": 0}",2026-04-16 08:59:01.069025+00,,,